Titel; Kategorie; Cut/Zutat; Schwierigkeit; Keywords; Quelle-Fundstelle; Inhalt_normalisiert
Adana Kebab — Türkischer Klassiker vom Mangal; Rezept; Rinderhackfleisch; Fortgeschritten; Adana Kebab, Türkischer Kebab, Mangal Grillen, Hackfleisch Spieß, Holzkohle Grill; Steakakademie-Rezept: /rezepte/fleisch/adana-kebab; Authentischer Adana Kebab mit Rinderhack, Lammfett und Pul Biber. Perfekt geformt auf Metallspießen und über Holzkohle gegrillt. Schritt-für-Schritt Anleitung. Basis: 4 Personen (Mengen linear pro Person umrechenbar). Methode: Spieß, Mangal. Gesamtzeit: 42 Min. Zutaten (für 4 Personen): 800 g Rinderhackfleisch (fein gemahlenes Fleisch vom Metzger), 200 g Lammfettschwanz (Tail Fat, fein gehackt), 2 TL Pul Biber (türkische rote Chilliflocken), 1 TL Sumach (gemahlenes Sumach-Pulver), 1 TL Kreuzkümmel (gemahlener Cumin), 1 TL Koriander (gemahlenes Koriandersamen), 1 Prise Cayenne-Pfeffer, 1 Stück Zwiebel (fein gerieben), 15 g Petersilie (frisch gehackt), 8 g Salz, 3 g schwarzer Pfeffer (frisch gemahlen), 30 ml Eiswasser. Adana Kebab ist nicht einfach Hackfleisch am Stiel — er ist das Ergebnis von Jahrhunderten handwerklicher Präzision, entwickelt in der sengenden Hitze Südanatoliens. Wer ihn einmal authentisch gegessen hat, versteht sofort, warum er in der Türkei als König der Kebabs gilt. Die Kombination aus grobem Rinderhack, rohem Lammfettschwanz und Pul Biber über glühender Holzkohle ist eine der direktesten, ehrlichsten Ausdrucksformen des Feuerkochens überhaupt. § Die Fleischmatrix: Warum Kneten keine Option ist: Der entscheidende Unterschied zwischen einem Adana Kebab, der am Spieß hält, und einer Hackfleisch-Katastrophe, die in die Glut fällt, liegt in der Proteinstruktur. Beim intensiven Kneten — türkisch yoğurma — werden die Myosin-Proteine im Muskelfleisch mechanisch aufgebrochen und bilden ein klebriges, vernetztes Gel. Dieses Gel ist der natürliche Binder. Kein Ei, kein Paniermehl, keine Stärke. Das funktioniert nur unter zwei Bedingungen: Das Fleisch muss kalt sein (unter 10°C), und es muss lange genug geknetet werden — mindestens 10, besser 15 Minuten von Hand. Wärme lässt das Fett schmelzen, bevor die Proteinmatrix stabil ist. Das Ergebnis: Die Masse schmiert, klebt nicht mehr am Spieß und fällt beim Grillen auseinander. Der Lammfettschwanz (kuyruk yağı) ist dabei kein optionales Extra, sondern strukturell notwendig. Er wird roh und fein gehackt — niemals gemahlen — unter die Masse gearbeitet. Sein Schmelzpunkt liegt höher als der von normalem Lammfett, was bedeutet, dass er beim Grillen langsam und kontrolliert schmilzt, die Masse von innen saftig hält und gleichzeitig die charakteristischen Flammen erzeugt, die den Rauchgeschmack aufbauen. Wer keinen Fettschwanz bekommt: Nierenfett vom Lamm ist ein akzeptabler Kompromiss, aber kein Ersatz. Das Fleisch selbst sollte grob gewolft sein — 6–8 mm Scheibe — oder noch besser: per Hand mit dem Wiegemesser gehackt. Feines Brät aus dem Supermarkt hat zu viel Oberfläche, verliert zu schnell Flüssigkeit und entwickelt keine Textur.
Alabama White Sauce – die weiße BBQ-Sauce für Geflügel; Rezept; Sauce; Einfach; Alabama White Sauce, Weiße BBQ Sauce, BBQ Sauce Hähnchen, White BBQ Sauce Rezept, Südstaaten BBQ; Steakakademie-Rezept: /rezepte/saucen-rubs/alabama-white-sauce; Die legendäre weiße BBQ-Sauce aus Nord-Alabama: Mayonnaise, Essig und viel schwarzer Pfeffer. In 10 Minuten fertig, kein Kochen — der perfekte Gegenspieler zu gegrilltem und geräuchertem Hähnchen. Basis: 4 Personen (Mengen linear pro Person umrechenbar). Methode: Kalt angerührt, ohne Kochen. Gesamtzeit: 10 Min. Zutaten (für 4 Personen): 250 g Mayonnaise, 3 EL Apfelessig, 2 TL Schwarzer Pfeffer (frisch und grob gemahlen — die Hauptzutat), 1 TL Zucker, 1 TL Meerrettich (aus dem Glas, optional für Schärfe-Tiefe), 0.5 TL Meersalz, 1 Prise Cayennepfeffer, 1 TL Zitronensaft. In Nord-Alabama ist BBQ-Sauce nicht rot, sondern weiß — und wer einmal geräuchertes Hähnchen mit dieser Sauce gegessen hat, versteht sofort, warum sich das seit fast hundert Jahren hält. Die weiße Sauce auf Mayonnaise-Basis gehört dort zu gegrilltem Huhn wie bei uns der Senf zur Bratwurst. § Warum weiß funktioniert: Rote, tomatige BBQ-Saucen leben von Süße und Rauch — sie verstärken, was das Fleisch schon hat. Die Alabama White Sauce macht das Gegenteil: Sie kontert. Die Säure des Essigs schneidet durch Hähnchenhaut und Fett, die kalte Cremigkeit steht gegen das heiße, rauchige Fleisch, und der grob gemahlene schwarze Pfeffer liefert die würzige Kante, die Geflügel von sich aus fehlt. Genau dieser Kontrast — fett-heiß-rauchig gegen kalt-sauer-pfeffrig — ist das ganze Geheimnis. Deshalb ist der Pfeffer hier keine Hintergrundwürze, sondern die zweite Hauptzutat. Frisch und grob mahlen: Vorgemahlener Pfeffer hat seine ätherischen Öle längst verloren. § Die Regeln der Sauce: Kein Kochen, keine Emulsion, kein Risiko — die Mayonnaise bringt die fertige Emulsion schon mit. Wichtig sind nur zwei Dinge: Zucker und Salz zuerst in der Säure lösen (sonst bleibt die Sauce körnig), und der Sauce Zeit zum Durchziehen geben. Nach 30 Minuten im Kühlschrank schmeckt sie rund, direkt nach dem Anrühren noch nach Einzelteilen. Auf dem Grill gilt: erst ganz am Ende. Mayonnaise ist eine Öl-in-Wasser-Emulsion und trennt sich bei anhaltender Hitze — als Finish-Glasur in den letzten zwei Minuten oder als Dip bleibt sie stabil und cremig. § Wozu sie passt: Der Klassiker ist geräuchertes oder gegrilltes Hähnchen — vom Beer Can Chicken bis zum Spatchcock-Hähnchen. Sie kann aber mehr: zu gegrilltem Schweinefilet, als Dressing für Coleslaw oder zu gegrilltem Blumenkohl. § Häufige Fehler: Feiner Pfeffer aus der Dose. Das Rückgrat der Sauce fehlt. Grob und frisch gemahlen ist nicht verhandelbar. Zu früh aufs Fleisch. Auf dem Grill zerläuft und trennt sich die Sauce. Finish oder Dip — nicht Marinade. Zu zaghaft mit der Säure. Die Sauce muss für sich allein fast zu sauer schmecken — neben fettem Grillfleisch ist sie dann genau richtig.
Asado de Tira – Argentinische Rinder-Rippen über offener Glut; Rezept; Short Ribs (Tira); Fortgeschritten; Asado de Tira, Short Ribs grillen, Argentinischer Asado, Offenes Feuer grillen, Chimichurri Rezept; Steakakademie-Rezept: /rezepte/fleisch/asado-de-tira; Authentischer argentinischer Asado mit quer gesägten Short Ribs. Langsam über Holzglut garen, nur grobes Salz, Chimichurri. Schritt-für-Schritt Anleitung. Basis: 4 Personen (Mengen linear pro Person umrechenbar). Methode: Asado, offen. Gesamtzeit: 150 Min. Zutaten (für 4 Personen): 2 kg Short Ribs (Tira), quer gesägt 4–5 cm dick (vom Metzger vorbereiten lassen), 40 g Grobes Meersalz (Sal gruesa), 200 ml Chimichurri (selbstgemacht oder hochwertig), 2 Stück Knoblauchzehen, gequetscht (optional für Feuer), 1 Bund Frische Petersilie (für Chimichurri). Argentinien hat dem Rest der Welt bewiesen, dass großartiges Fleisch keine Marinaden, keine Rubs, keine Komplexität braucht – nur Feuer, Zeit und grobes Salz. Asado de Tira ist der Beweis: quer zur Knochen gesägte Rinderrippen, die über offener Glut langsam ihre Kollagenstruktur aufgeben und dabei eine Kruste entwickeln, die kein Ofen der Welt replizieren kann. --- § Warum quer gesägt alles verändert: Beim klassischen Asado de Tira werden die Rippen quer zur Knochenachse gesägt – typischerweise in Scheiben von 1,5 bis 2,5 cm Stärke. Das ist kein ästhetisches Merkmal, sondern eine funktionale Entscheidung mit direkten Konsequenzen für das Garergebnis. Durch den Querschnitt wird das Knochenmark freigelegt. Beim Garen schmilzt es aus und zieht durch das umliegende Fleisch – das ist ein wesentlicher Grund für den charakteristischen, tiefen Umami-Geschmack dieser Cuts. Gleichzeitig sind die Kollagenstränge im Bindegewebe kürzer unterbrochen, was bedeutet: Die Umwandlung zu Gelatine passiert schneller als bei längs geschnittenen Rippen. Das Fleisch wird weich, ohne zu zerfallen. Der Cut selbst kommt aus dem Bereich der Querrippen (Short Ribs), anatomisch zwischen der 6. und 10. Rippe. In Argentinien ist dieser Schnitt so selbstverständlich, dass Metzger ihn ohne Nachfrage so ausführen. In Deutschland musst du ihn explizit bestellen – am besten beim Metzger mit Bandsäge, nicht beim Supermarkt. Die Fleischstruktur zwischen den Knochen ist durchzogen von intermuskulärem Fett und Bindegewebe. Genau das macht diesen Cut für langsames Garen über Glut prädestiniert: Zu hohe Hitze würde das Fett verbrennen, bevor das Kollagen Zeit hatte zu konvertieren. Zu niedrige Hitze produziert keine Kruste. Der argentinische Asado löst diesen Konflikt durch Distanz und Geduld. --- § Das Feuer führen wie ein Asador: Der entscheidende Unterschied zwischen einem argentinischen Asado und einem deutschen Grillabend liegt nicht im Fleisch – er liegt im Umgang mit dem Feuer. Ein erfahrener Asador baut sein Feuer seitlich vom Rost, nicht darunter. Holz – idealerweise Quebracho, Mesquite oder heimische Buche – brennt zu Glut herunter, die dann unter den Rost geschoben wird.
Australische Lammkeule butterflied – Niedrigtemperatur-Grill; Rezept; Lammkeule; Fortgeschritten; Lammkeule butterflied, Niedrigtemperatur-Grill, Australisches Lamm, Indirekt grillen, Sous-Vide-Grill-Hybrid; Steakakademie-Rezept: /rezepte/fleisch/aussie-lamb-leg-butterflied; Aufgeklappte Lammkeule mariniert in Knoblauch, Rosmarin und Zitrone. Indirekt gegrillt auf 70°C Kerntemperatur, gleichmäßig durchgegart. Basis: 6 Personen (Mengen linear pro Person umrechenbar). Methode: Indirekt. Gesamtzeit: 120 Min. Zutaten (für 6 Personen): 2 kg Lammkeule, butterflied (ca. 4–5 cm Dicke) (vom Metzger aufgeklappt), 8 Zehen Knoblauch, gehackt, 4 Zweige frischer Rosmarin, 120 ml natives Olivenöl extra, 2 Stück Zitronen, Saft und Zest, 2 TL Meersalz, 1 TL schwarzer Pfeffer, frisch gemahlen, 1 TL Kreuzkümmel. Australien hat eine der intensivsten Lammkulturen der Welt — und die butterflied Lammkeule ist ihr Aushängeschild. Aufgeklappt, flach auf dem Rost, bei kontrollierter Niedrigtemperatur gegart: Das Ergebnis ist gleichmäßig durchgegartes, saftiges Fleisch mit einer aromatischen Kruste, die eine ganze Keule am Knochen schlicht nicht liefern kann. --- § Warum Butterflying die Physik verändert: Eine ganze Lammkeule ist ein geometrisches Problem. Der Knochen leitet Wärme anders als Muskelgewebe, die Außenschichten sind längst übergart, bevor die Mitte 70 °C erreicht. Butterflying löst das: Der Metzger — oder du selbst mit einem scharfen Ausbeinmesser — entfernt den Oberschenkelknochen und klappt die Keule flach auf. Das Ergebnis ist ein unregelmäßiges, aber weitgehend gleichmäßig dickes Stück Fleisch, typischerweise 4–6 cm stark. Die Konsequenz für die Wärmeübertragung ist erheblich. Statt eines Querschnitts von 12–15 cm muss die Hitze nur noch 5–6 cm Fleischtiefe überwinden. Bei indirekter Hitze und 120–130 °C Garraum-Temperatur bedeutet das: Der Kerntemperatur-Anstieg ist vorhersehbar, der Temperaturgradient zwischen Außen und Innen bleibt gering. Kein Overcooked-Ring, kein rohes Zentrum. Die Zielkerntemperatur von 70 °C ist dabei keine Willkür: Sie ist der Wert, den die Steakakademie-Kerntemperatur-Referenz für eine durchgegarte Lammkeule nennt (70–75 °C). Nach oben ist das Fenster eng. Die Keule hat keine Zeit, Kollagen wie beim Low-and-Slow-Garen (Schulter, Ribs) zu Gelatine umzuwandeln, und sie ist ein Arbeitsmuskel mit wenig intramuskulärem Fett: Sie verzeiht keine Übergarung. --- § Marinade, Timing und das richtige Setup: Die klassische australische Marinade ist bewusst reduziert: Knoblauch, Rosmarin, Olivenöl, Zitronenschale und -saft, Salz, schwarzer Pfeffer. Keine Süße, kein Zucker — das wäre kontraproduktiv bei indirekter Hitze, weil Zucker bei 150 °C karamellisiert und bei 180 °C verbrennt. Da wir kontrolliert arbeiten, ist das kein Problem, aber es verändert das Aromaprofil weg vom Fleisch. Marinierzeit: Mindestens 4 Stunden, optimal über Nacht. Zitronensäure beginnt die oberste Proteinschicht zu denaturieren — das ist gewollt, weil es die Marinade tiefer ins Gewebe zieht.
Australische Riesengarnelen vom Grill – Barbie-Klassiker; Rezept; Riesengarnelen; Einfach; Riesengarnelen grillen, Australische Barbie, Garnelen Direktgrill, Meeresfrüchte BBQ, Butter-Knoblauch-Garnelen; Steakakademie-Rezept: /rezepte/fisch/australische-riesengarnelen-barbie; Riesengarnelen in der Schale direkt über heißer Glut gegrillt. Butter-Knoblauch-Glasur, Zitrone. Das authentische australische Barbie-Erlebnis in 5 Minuten. Basis: 4 Personen (Mengen linear pro Person umrechenbar). Methode: Direkt. Gesamtzeit: 13 Min. Zutaten (für 4 Personen): 8 Stück Riesengarnelen (16-20er), ungekocht, in der Schale, 100 g Butter, kalt geschnitten, 4 Zehen Knoblauch, fein gehackt, 2 Stück Zitronen, halbiert, 5 g Meersalz, 2 g schwarzer Pfeffer, frisch gemahlen, 5 ml natives Olivenöl extra. Australien hat der Grillwelt viele Dinge geschenkt – aber kaum etwas ist so ikonisch wie Riesengarnelen direkt über der Glut. Kein Sous-vide, kein Marinier-Aufwand, keine Stunden am Smoker: Hier entscheidet die Hitze in zwei Minuten über Erfolg oder Misserfolg. --- § Was in der Schale passiert – Maillard-Reaktion und Dampfgaren gleichzeitig: Die Schale ist kein Hindernis. Sie ist das Werkzeug. Wenn eine Riesengarnele mit der Schale auf den heißen Rost trifft, passieren zwei Dinge gleichzeitig: Die Außenseite der Schale erreicht schnell Temperaturen über 150 °C – der Bereich, in dem die Maillard-Reaktion einsetzt und die charakteristischen Röstaromen entstehen. Gleichzeitig schützt die Schale das empfindliche Fleisch darunter vor direkter Strahlungshitze und hält die Feuchtigkeit im Inneren. Das Ergebnis ist ein Garnielen-Fleisch, das saftig bleibt, während die Schale leicht verkohlt und ihr Aroma ans Fleisch abgibt. Chitin – das Material der Krustentier-Schale – gibt beim Erhitzen komplexe Aromaverbindungen frei, die dem Fleisch eine nussige, fast karamellartige Tiefe verleihen. Genau das macht den Unterschied zwischen einer geschälten Garnele vom Grill und einer in der Schale: Es sind zwei verschiedene Gerichte. Die Kerntemperatur, die du ansteuerst: 60–63 °C. Bei 65 °C beginnt das Protein zu überkoagulieren – das Fleisch wird gummiartig und trocken. Mit einem Sofortmessthermometer bist du auf der sicheren Seite, aber bei Riesengarnelen reicht oft auch die visuelle Kontrolle: Das Fleisch ist fertig, wenn es von transluzent zu weiß-opak wechselt und sich die Schale leuchtend orange-rot färbt. --- § Hitze, Auswahl und die Butter-Knoblauch-Glasur: Die Garnelen Australische Riesengarnelen – im Englischen King Prawns oder Tiger Prawns – sind keine Marketingbezeichnung, sondern eine andere Größenklasse. Du brauchst Exemplare mit mindestens 20–25 g pro Stück, besser 30–40 g. Kleiner, und sie sind bei der nötigen Hitze in Sekunden übergegrillt. Kaufe sie wenn möglich frisch oder tiefgekühlt in der Schale, niemals vorgeschält. Der Kopf kann dran bleiben – er gibt Geschmack und sieht spektakulär aus. Vor dem Grillen: Schmetterlingschnitt.
Gegrillte Avocado mit Tomaten-Koriander-Gremolata; Rezept; Avocado; Einfach; Avocado grillen, Gegrillte Avocado, Gremolata Rezept, Veganes Fingerfood Grill, Vegetarische Vorspeise Grill; Steakakademie-Rezept: /rezepte/beilagen/avocado-gremolata-grill; Avocadohälften mit Grieß-Chili-Kruste auf der heißen Grillplatte geröstet und mit frischer Tomaten-Koriander-Gremolata gefüllt. Veganes Fingerfood, das in 3 Minuten Grillzeit fertig ist. Basis: 4 Personen (Mengen linear pro Person umrechenbar). Methode: Direkt auf Grillplatte oder Plancha. Gesamtzeit: 25 Min. Zutaten (für 4 Personen): 2 Stück Reife Avocados (Sorte Hass — reif, aber noch fest), 2 EL Hartweizengrieß, 0.5 TL Chiliflocken, 3 EL Olivenöl, 2 Stück Tomaten (reif und fest), 1 Stück Schalotte (sehr fein gewürfelt), 1 Zehe Knoblauch (sehr fein gewürfelt), 1 TL Ingwer (frisch gerieben), 0.5 Bund Koriander (fein geschnitten — wer ihn nicht mag: glatte Petersilie), 0.5 Stück Bio-Orange (Abrieb und 2 EL Saft), 1 Prise Salz, Pfeffer und Zucker. Avocado auf dem Grill klingt nach Food-Trend — und ist tatsächlich einer der wenigen, die der Prüfung standhalten. Denn die Avocado bringt mit, was Grillen belohnt: viel Fett, das Röstaromen trägt, und eine cremige Textur, die vom Temperatur-Kontrast lebt. Das Problem ist nur ihre feuchte Schnittfläche — und genau das löst dieses Rezept mit einem Trick aus der Kursküche. § Der Grieß-Trick: Eine pure Avocadohälfte auf dem Rost dämpft mehr, als sie röstet: Die feuchte Schnittfläche muss erst trocken kochen, bevor Bräunung beginnt — und bis dahin ist das Fruchtfleisch matschig warm. Die Grießschicht dreht das um. Der Hartweizengrieß saugt die Oberflächenfeuchte sofort auf und bildet auf der heißen, geölten Platte in zwei Minuten eine knusprige, chili-scharfe Kruste — während das Fruchtfleisch dahinter gerade erst lauwarm wird. Drei Texturen in einem Bissen: krachende Kruste, warmes Cremiges, kühle, frische Füllung. Deshalb auch die kurze Grillzeit bei offenem Deckel: Es geht ausschließlich um die Schnittfläche. Eine durcherwärmte Avocado kippt geschmacklich ins Bittere — ihre Fette und Polyphenole vertragen anhaltende Hitze schlecht. § Gremolata: Frische als Gegengewicht: Die klassische Gremolata ist ein Hackwerk aus Kräutern, Zitrus und Knoblauch — hier erweitert um Tomatenwürfel, Ingwer und Koriander zu einer Art Salsa. Ihre Aufgabe ist Balance: Säure und Frische gegen das satte Avocadofett, Schärfe von Ingwer und Chili gegen die Cremigkeit. Der Orangenabrieb schlägt dabei die Brücke zum Koriander — beide teilen sich Terpen-Aromen wie Linalool, weshalb die Kombination rund schmeckt statt zusammengewürfelt. Das Gericht ist nebenbei komplett pflanzlich — und damit die Antwort auf die ewige Grillfest-Frage, was die vegane Fraktion Vollwertiges bekommt, das nicht nach Verlegenheit schmeckt. § Häufige Fehler: Überreife Avocados verwendet. Sie werden auf der heißen Platte zu Mus. Reif, aber druckfest ist das Ziel. Zu früh halbiert. Die Schnittfläche läuft braun an, bevor sie auf dem Grill liegt.
Baked Alaska vom Grill – gefrorenes Eis unter heißem Baiser; Rezept; Dessert; Mittel; Baked Alaska, Omelette Surprise, Dessert vom Grill, Baiser grillen, Eis Dessert Grill; Steakakademie-Rezept: /rezepte/desserts/baked-alaska-grill; Das Dessert-Spektakel: Eiskugel auf Biskuitboden, komplett in Baiser gehüllt und bei starker Hitze übergrillt — außen karamellisiert, innen tiefgefroren. Die Physik dahinter macht es narrensicher. Basis: 4 Personen (Mengen linear pro Person umrechenbar). Methode: Indirekt, sehr heiß und sehr kurz. Gesamtzeit: 30 Min. Zutaten (für 4 Personen): 4 Stück Biskuit- oder Tortenböden (klein, ca. 8 cm — fertig gekauft oder selbst gebacken), 4 Stück Eiskugeln (Vanille oder Schokolade — mindestens 24 h tiefgefroren, so hart wie möglich), 3 Stück Eiweiß (Größe M, zimmerwarm, fettfrei getrennt), 120 g Zucker (fein), 1 TL Zitronensaft, 1 Prise Salz, 2 EL Waldbeeren (optional, zum Anrichten). Ein Dessert, das physikalisch nicht funktionieren dürfte: tiefgefrorenes Eis, das bei 250 °C in den Grill wandert und gefroren wieder herauskommt, unter einer heißen, karamellisierten Haube. Baked Alaska — in der klassischen Küche Omelette Surprise — ist seit 150 Jahren der Publikums-Liebling der Patisserie. Und vom Grill funktioniert es besser als aus jedem Backofen, weil ein Kugelgrill die nötige Oberhitze mühelos liefert. § Die Physik: Warum das Eis nicht schmilzt: Das Geheimnis ist der Eischnee — genauer: die Luft darin. Aufgeschlagenes Eiweiß besteht zu etwa 90 Prozent aus Luftbläschen, und ruhende Luft ist einer der schlechtesten Wärmeleiter überhaupt; genau deshalb isolieren Daunenjacken und Styropor. Die Baiserhaube wirkt wie ein Iglu um das Eis: Die enorme Strahlungshitze des Grills bräunt und karamellisiert die äußeren Millimeter in Minuten, aber die Wärme kriecht nur quälend langsam durch die Luftschicht nach innen. Bevor sie den Eiskern erreicht, ist das Dessert längst serviert. Der Biskuitboden spielt dieselbe Rolle von unten: Seine Porenstruktur isoliert das Eis gegen die heiße Blechfläche. Daraus folgen die drei Regeln des Gelingens: Das Eis muss steinhart sein (Vorsprung kaufen), die Haube muss lückenlos und dick sein (jedes Loch ist eine Wärmebrücke), und die Hitze muss hoch und kurz sein (bräunen, bevor Wärme wandern kann). Wer diese drei Punkte ernst nimmt, kann das Dessert nicht verlieren. § Warum der Zucker ins Eiweiß gehört — löffelweise: Zucker macht aus fragilem Eischnee stabiles Baiser: Er bindet Wasser, verdichtet die Bläschenwände und sorgt später für die karamellisierende Oberfläche. Aber er braucht Zeit, sich zu lösen. Auf einmal zugegeben, beschwert er den halb geschlagenen Schaum und das Volumen bricht zusammen. Esslöffelweise eingerieselt, baut er sich in die wachsende Struktur ein — das Ergebnis glänzt seidig und zieht feste Spitzen. § Der Auftritt: Baked Alaska ist Timing-Theater: Die Türmchen lassen sich Stunden vorher komplett vorbereiten und warten fertig behaubt im Gefrierfach.
Barramundi-Filet mit knuspriger Haut und Macadamia-Salsa; Rezept; Barramundi; Mittel; Barramundi grillen, Fisch grillen Holzkohle, Australischer Fisch, Knusprige Fischhaut, Macadamia-Salsa; Steakakademie-Rezept: /rezepte/fisch/barramundi-grill; Australischer Barramundi direkt über Holzkohle gegrillt. Knusprige Haut, zartes weißes Fleisch und würzige Macadamia-Salsa — das Original-Rezept. Basis: 4 Personen (Mengen linear pro Person umrechenbar). Methode: Direkt, Holzkohle. Gesamtzeit: 27 Min. Zutaten (für 4 Personen): 4 Stück Barramundi-Filets à 180g (mit Haut), 60 g Macadamia-Nüsse (grob gehackt), 1 Stück Limette (Saft und Zest), 2 Stück Vogel-Chilis (fein gehackt), 30 ml natives Olivenöl extra, 1 Prise Fleur de Sel, 1 Prise schwarzer Pfeffer aus der Mühle, 15 g frische Koriander (gehackt), 1 Stück rote Zwiebel (fein gewürfelt). Barramundi ist Australiens Antwort auf die Frage, warum Fisch vom Grill so oft enttäuscht — und gleichzeitig der Beweis, dass er es nicht muss. Das Filet mit seiner silbrig-schuppigen Haut, direkt über glühender Holzkohle, Haut zuerst, ist eine Technik, die Präzision belohnt und Nachlässigkeit sofort bestraft. Die Macadamia-Salsa ist kein Beiwerk — sie ist der Kontrapunkt, der das milde, buttrige Fleisch erst vollständig macht. § Warum Barramundi der perfekte Grillkandidat ist: Barramundi (Lates calcarifer) ist in der australischen Küche das, was Wolfsbarsch für die Mittelmeerküche ist: ein Fisch mit fester, aber nicht trockener Textur, einem hohen Anteil an Omega-3-Fettsäuren und einem Fleisch, das beim Garen eine natürliche Buttrigkeit entwickelt, ohne fettig zu wirken. Der Fettgehalt liegt bei etwa 2–4 %, was ihn robuster macht als Seezunge, aber delikater als Lachs. Entscheidend für die Grilleignung ist die Hautstruktur. Barramundi-Schuppen sind groß, fest und gleichmäßig — sie bilden beim Kontakt mit direkter Hitze eine natürliche Schutzschicht, die das Fleisch vor dem Austrocknen bewahrt, während die Haut selbst zur knusprigen, aromatischen Kruste wird. Das ist keine Magie, sondern Maillard-Reaktion: Die Proteine und Zucker in der Haut karamellisieren bei Temperaturen über 140 °C und erzeugen jene goldbraune, blasige Textur, die man anstrebt. Der Schlüssel liegt im Feuchtigkeitsmanagement. Fischfilets enthalten bis zu 80 % Wasser. Wird die Haut nicht trocken genug auf den Rost gelegt, verdampft dieses Wasser, bevor die Maillard-Reaktion einsetzen kann — das Ergebnis ist gedämpfte, gummiartige Haut statt Crunch. Mindestens 30 Minuten offen im Kühlschrank trocknen lassen, Hautseite nach oben, ist kein optionaler Schritt. § Setup, Timing und die Macadamia-Salsa: Das Feuer: Direkte Holzkohle, kein Briketts-Kompromiss. Ziel ist eine Rosttemperatur von 220–250 °C auf der Hautseite. Wer einen Kamado oder einen Kugelgrill mit Lüftungssteuerung nutzt, kann die Temperatur präzise halten. Wer auf einem offenen Rost arbeitet, braucht eine heiße Zone und eine kühlere Ruhezone — denn nach dem Skin-Sear muss das Fleisch fertig ziehen, ohne zu verbrennen.
Bavette Steak – Heiß gegrillt, gegen die Faser geschnitten; Rezept; Bavette; Mittel; Bavette Steak grillen, Skirt Steak Rezept, Hochtemperatur Grillen, Fajitas Fleisch, Tagliata Zubereitung; Steakakademie-Rezept: /rezepte/fleisch/bavette-skirt-steak; Bavette Steak perfekt gegrillt: Hochtemperatur-Sear, Medium Rare, geschnitten gegen die Faser. Ideal für Fajitas und Tagliata. Basis: 2 Personen (Mengen linear pro Person umrechenbar). Methode: Heiß direkt. Gesamtzeit: 23 Min. Zutaten (für 2 Personen): 600 Gramm Bavette Steak (Dicke: 3-4 cm) (Zimmertemperatur vor dem Grillen), 2 Teelöffel Meersalz (Grobes Salz), 1 Teelöffel Schwarzer Pfeffer (Frisch gemahlen), 2 Esslöffel Olivenöl (Zum Einölen des Grillrosts), 1 Zehe Knoblauch (Optional, zum Abreiben nach dem Grillen). Das Bavette ist der ehrlichste Cut am Rind: kein Fett-Marmoring, das Fehler kaschiert, keine Dicke, die Zeit zum Reagieren lässt. Wer es richtig grillt, bekommt ein Steak mit einer Aromadichte, die Ribeye und Striploin alt aussehen lässt. Wer es falsch grillt, kaut auf Schuhsohle. § Warum Bavette anders funktioniert als klassische Steaks: Das Bavette — in Deutschland als Dünnsaum bekannt, in Frankreich als flanchet — stammt aus dem unteren Bauchbereich des Rinds, anatomisch zwischen Flank und Skirt. Der Muskel arbeitet viel. Das bedeutet: ausgeprägte, lange Muskelfasern, wenig intramuskuläres Fett, dafür eine Konzentration an Myoglobin und Glutamaten, die für den intensiven, fast lebrigen Umami-Geschmack verantwortlich ist. Genau diese Faserstruktur ist der Schlüssel — und die größte Fehlerquelle. Die Fasern verlaufen sichtbar und eindeutig durch das gesamte Stück. Schneidest du mit der Faser, kaust du lange Muskelbündel, die sich wie Gummi anfühlen. Schneidest du gegen die Faser — im 45-Grad-Winkel, dünn, schräg — trennst du diese Bündel auf wenige Millimeter Länge. Das Ergebnis: ein Biss, der trotz der Textur des Cuts zart wirkt. Die Maillard-Reaktion spielt beim Bavette eine überproportional große Rolle. Weil das Stück dünn ist (typisch 1,5–2,5 cm), hast du ein enges Fenster zwischen perfekter Kruste und Übergarung. Die Lösung ist radikale Hitze: mindestens 300°C direkte Oberfläche, kurze Kontaktzeiten, kein Deckel. Das Ziel ist eine tiefbraune, fast schwarze Bark auf der Außenseite bei einem Kern, der 52–54°C nicht überschreitet. Medium rare ist hier keine Präferenz — es ist physikalische Notwendigkeit. Ab 58°C beginnen die Kollagenfasern zu kontrahieren und das Steak wird zäh, ohne die langen Garzeiten zu haben, die Kollagen in Gelatine umwandeln würden. § Equipment und Technik: Was den Unterschied macht: Für Bavette gibt es keine bessere Methode als den direkten, offenen Hochhitzegrill. Gusseisen-Rost oder eine Gusseisenpfanne auf dem Seitenbrenner sind akzeptabel, aber ein Holzkohlegrill mit einem dichten Bett aus durchgeglühten Briketts oder Lump Charcoal ist die Referenz. Warum?
Beef Back Ribs räuchern – Low & Slow Klassiker; Rezept; Beef Ribs; Fortgeschritten; Beef Back Ribs räuchern, Low and Slow Rippchen, Rinderknochen räuchern, Salzpfeffer Rub, Smoker Anleitung; Steakakademie-Rezept: /rezepte/fleisch/beef-back-ribs; Massive Rinderrippen 6–8 Stunden bei 120°C räuchern. Salzpfeffer-Rub, Kern 96°C. Perfekte Bark, zartes Fleisch. Basis: 4 Personen (Mengen linear pro Person umrechenbar). Methode: Low and Slow. Gesamtzeit: 495 Min. Zutaten (für 4 Personen): 2 Stück Beef Back Ribs Racks (ca. 3–4 kg pro Rack), 3 EL Meersalz (grob), 2 EL schwarzer Pfeffer (frisch gemahlen), 1 EL Paprikapulver (optional, für Farbe), 200 g Eicheholz-Chunks (oder Hickory). Beef Back Ribs sind das, was passiert, wenn Rindfleisch und Feuer auf ihre ursprünglichste Art zusammentreffen. Kein Sous-vide, kein Schnellkochtopf — nur Rauch, Zeit und die Maillard-Reaktion in ihrer reinsten Form. Wer einmal eine ordentliche Bark auf diesen mächtigen Knochen gesehen hat, versteht sofort, warum dieser Cut in Texas-BBQ-Joints Kultstatus genießt. § Warum Rinderrippen anders funktionieren als Pork Ribs: Der entscheidende Unterschied liegt im Fett- und Bindegewebsanteil. Beef Back Ribs stammen aus dem Bereich der Hochrippe — genau dort, wo das Ribeye-Steak seinen Ursprung hat. Was nach dem Auslösen des Ribeye-Roasts übrig bleibt, sind diese Knochen mit dem Fleisch, das zwischen und unter den Rippen sitzt. Das Fleisch selbst ist reich an Kollagen und intramuskulärem Fett, was es zum perfekten Kandidaten für Low & Slow macht. Bei Temperaturen zwischen 70 und 80 Grad Celsius beginnt Kollagen zu Gelatine zu denaturieren — ein Prozess, der Zeit braucht. Genau deshalb ist Hitze allein keine Lösung. Wer Beef Back Ribs bei 200 Grad in zwei Stunden durchprügelt, bekommt zähes, trockenes Fleisch. Bei 120 Grad über 6–8 Stunden hingegen läuft die Kollagenkonversion vollständig durch, das Fett rendert aus, und das Ergebnis ist Fleisch, das sich mit minimalem Widerstand vom Knochen löst — aber nicht einfach abfällt. Der Unterschied zwischen "fall-off-the-bone" und "clean bite" ist kein Zufall, sondern Temperaturkontrolle. Der Stall — jener frustrierende Plateau-Bereich zwischen 65 und 75 Grad Kerntemperatur — tritt auch bei Beef Back Ribs auf. Verdunstungskühlung an der Fleischoberfläche hält die Kerntemperatur für manchmal zwei Stunden konstant. Nicht eingreifen. Nicht die Temperatur erhöhen. Warten. § Rub, Rauch und das richtige Setup: Der Rub: Texas-BBQ-Purismus bedeutet hier: Salz und schwarzer Pfeffer, 50/50, grob gemahlen. Das ist keine Faulheit — das ist Philosophie. Ein zu komplexer Rub überdeckt das Rindfleischaroma, das bei diesem Cut im Vordergrund stehen soll. Wer möchte, kann mit einer kleinen Menge Knoblauchpulver arbeiten, aber mehr braucht es nicht. Den Rub mindestens 45 Minuten vor dem Garen aufbringen, idealerweise über Nacht im Kühlschrank.
Texas-Style Beef Short Ribs – 10 Stunden Smoker; Rezept; Short Ribs; Fortgeschritten; Beef Short Ribs räuchern, Texas BBQ Klassiker, Low and Slow Smoker, Rinder-Ribs Anleitung; Steakakademie-Rezept: /rezepte/fleisch/beef-short-ribs; Massive Rinder-Short-Ribs im Texas-Stil räuchern: 110–120 °C, Bark-Bildung, Kollagen-Schmelz. Schritt-für-Schritt zum BBQ-Klassiker. Basis: 4 Personen (Mengen linear pro Person umrechenbar). Methode: Smoker, Low and Slow. Gesamtzeit: 630 Min. Zutaten (für 4 Personen): 2 kg Beef Short Ribs (3er-Ribs, mind. 8 cm Fleischdicke) (vom Metzger vorbereitet), 3 EL Paprikapulver (edelsüß) (Basis des Rubs), 2 EL Knoblauchpulver (für Tiefenwirkung), 2 EL Zwiebelpulver (Umami-Komponente), 1 EL Meersalz (grobes Körnung), 1 EL schwarzer Pfeffer (frisch gemahlen) (Schärfe und Aroma), 1 TL Cayenne-Pfeffer (optional, für Schärfe), 250 ml Spritz-Flüssigkeit (50% Apfelsaft, 50% Butter) (für Feuchte während des Räucherns). Wer einmal einen echten Beef Short Rib aus dem Smoker gegessen hat, versteht sofort, warum Texas-BBQ-Pilger stundenlang vor Franklin Barbecue in Austin Schlange stehen. Diese Ribs sind kein Kompromiss – sie sind maximales Rindfleisch: 400–600 Gramm pro Knochen, eine Fettmarmorierung, die Wagyu neidisch macht, und nach zehn Stunden Rauch eine Bark, die knackt wie Lack. § Die Wissenschaft hinter dem langen Smoke: Short Ribs kommen aus der Querrippe des Rinds, anatomisch aus den Rippen 1–5 (Chuck Short Ribs) oder 6–10 (Plate Short Ribs). Für Texas-Style willst du die Plate Short Ribs – vier Knochen am Stück, auch bekannt als „Dino Ribs". Der entscheidende Unterschied zu Schweineribs: Der Kollagengehalt ist massiv höher, und genau das macht den langen Low-&-Slow-Prozess nicht nur sinnvoll, sondern zwingend notwendig. Kollagen ist ein Strukturprotein im Bindegewebe, das bei Temperaturen zwischen 70 und 80 Grad beginnt, sich in Gelatine umzuwandeln – aber dieser Prozess braucht Zeit. Hohe Hitze würde das Fleisch austrocknen, bevor die Umwandlung vollständig ist. Bei 110–120 Grad Gartemperatur läuft die Kollagen-zu-Gelatine-Konversion langsam und vollständig ab. Das Ergebnis: Fleisch, das sich mit dem Daumen vom Knochen drücken lässt und dabei saftig bleibt, weil die Gelatine Feuchtigkeit bindet. Der Stall – jenes frustrierende Plateau zwischen 65 und 75 Grad Kerntemperatur – ist bei Short Ribs besonders ausgeprägt. Verdunstungskühlung an der Fleischoberfläche hält die Kerntemperatur stundenlang konstant. Nicht eingreifen. Nicht die Temperatur erhöhen. Wer hier die Nerven verliert und auf 150 Grad hochdreht, bekommt trockene Ribs mit zähem Bindegewebe. Die Zielkerntemperatur von 95–98 Grad ist keine willkürliche Zahl – sie ist der Punkt, an dem Kollagen vollständig umgewandelt ist und intramuskuläres Fett ausreichend gerendert hat. Die Bark entsteht durch die Maillard-Reaktion kombiniert mit dem Eintrocknen der Oberfläche. Zucker aus dem Rub karamellisiert, Aminosäuren reagieren mit reduzierenden Zuckern, Rauchpartikel lagern sich ein.
Beer Can Chicken – Klassiker vom Grill; Rezept; Ganzes Hähnchen; Einfach; Beer Can Chicken, Hähnchen grillen, Ganzes Hähnchen, Indirektes Grillen, Grillrezept USA; Steakakademie-Rezept: /rezepte/fleisch/beer-can-chicken; Ganzes Hähnchen aufrecht auf Bierdose garen. Knusprige Haut, saftiges Fleisch. Bewährter US-Grillklassiker mit Schritt-für-Schritt-Anleitung. Basis: 4 Personen (Mengen linear pro Person umrechenbar). Methode: Indirekt, aufrecht. Gesamtzeit: 90 Min. Zutaten (für 4 Personen): 1 Stück Ganzes Hähnchen (ca. 1,5–1,8 kg, trocken getupft), 1 Dose Bier (330–355 ml, halbvoll getrunken), 3 EL Paprikapulver (edelsüß), 2 EL Knoblauchpulver (fein), 2 EL Zwiebelpulver (fein), 1 EL Meersalz (grob), 1 TL Schwarzer Pfeffer (frisch gemahlen), 1 TL Cayennepfeffer (optional, für Schärfe), 2 EL Olivenöl (zum Einreiben). Beer Can Chicken polarisiert. Die einen sehen darin einen überholten Grillwitz, die anderen schwören auf die aufrechte Garmethode für gleichmäßig durchgegartes Fleisch mit maximaler Knusperhaut. Die Wahrheit liegt — wie so oft — in der Physik. § Was wirklich passiert: Die Wissenschaft hinter der Dose: Lass uns das Wichtigste direkt ansprechen: Der Dampf aus der Bierdose dringt nicht ins Fleisch ein. Das ist Mythos. Bei Gartemperaturen um 180–200 °C verdampft zwar Flüssigkeit aus der Dose, aber die Haut des Hähnchens ist eine effektive Barriere — Feuchtigkeit von außen nach innen ist physikalisch irrelevant für den Geschmack. Was die Dose tatsächlich leistet, ist mechanisch: Sie hält das Hähnchen aufrecht. Und genau das ist der entscheidende Vorteil. Warum aufrecht? Ein ganzes Hähnchen hat ein fundamentales Garproblem: Brust und Keule brauchen unterschiedliche Kerntemperaturen. Die Brust ist bei 74 °C fertig, die Keule erst bei 82–85 °C. Legst du das Hähnchen flach auf den Rost, liegt die Brust — das dünnste, empfindlichste Stück — direkt in der Strahlungshitze. Ergebnis: trockene Brust, noch nicht gare Keule. Aufrecht verändert sich die Geometrie komplett. Die Keulen hängen nach unten und sind der indirekten Hitze am nächsten. Die Brust zeigt nach oben und gart langsamer. Das Hähnchen gart von unten nach oben — genau in der Reihenfolge, die die unterschiedlichen Zieltemperaturen erfordern. Dazu kommt: Das Fett aus dem Rücken und der Keule läuft beim Garen nach unten ab, statt in der Brust zu versumpfen. Das Bier in der Dose? Wähle ein helles Lager. Nicht wegen des Geschmacks — sondern wegen der Stabilität. Die Dose muss halb voll sein, damit der Schwerpunkt stimmt. Alternativ funktioniert ein dedizierter Beer Can Chicken Halter aus Edelstahl deutlich besser: stabiler Stand, kein Kipprisiko, spülmaschinenfest. § Setup, Rub und Kerntemperatur: So wird es präzise: Der Rub ist entscheidend — nicht die Dose. Für knusprige Haut brauchst du Trockenheit. Reibe das Hähnchen mindestens 4 Stunden vorher (besser über Nacht) mit dem Rub ein und lass es unabgedeckt im Kühlschrank ruhen.
Blitz-Mayonnaise – in 60 Sekunden mit dem Stabmixer, plus 5 Varianten; Rezept; Sauce; Einfach; Mayonnaise selber machen, Blitz Mayonnaise Stabmixer, Aioli Rezept, Burger Sauce, Remoulade selber machen; Steakakademie-Rezept: /rezepte/saucen-rubs/blitz-mayonnaise; Hausgemachte Mayonnaise in einer Minute: Der Stabmixer-Trick macht die Emulsion narrensicher. Grundrezept plus fünf Grill-Varianten — von Aioli bis BBQ-Mayo für Burger und Hot Dogs. Basis: 4 Personen (Mengen linear pro Person umrechenbar). Methode: Kalt emulgiert, Stabmixer. Gesamtzeit: 5 Min. Zutaten (für 4 Personen): 1 Stück Ei (Größe M, sehr frisch, zimmerwarm), 1 TL Dijon-Senf, 1 EL Zitronensaft, 200 ml Neutrales Öl (Raps- oder Sonnenblumenöl — kein reines Olivenöl), 0.5 TL Salz, 1 Prise Zucker. Mayonnaise selbst zu machen galt lange als Prüfstein der klassischen Küche: Eigelb im Wasserbad, Öl tropfenweise, ein steifer Arm und die ständige Angst vorm Gerinnen. Der Stabmixer hat diese Prüfung abgeschafft. Mit der richtigen Technik ist hausgemachte Mayonnaise eine Sache von 60 Sekunden — und schmeckt so weit über der Tube, dass Burger und Hot Dogs vom Grill eine andere Liga werden. § Warum der Stabmixer-Trick funktioniert: Mayonnaise ist eine Öl-in-Wasser-Emulsion: Winzige Öltröpfchen schweben in der wässrigen Phase aus Ei, Senf und Zitrone, stabilisiert vom Lecithin des Eigelbs und den Schleimstoffen des Senfs. Das klassische Problem: Kommt zu viel Öl auf einmal an zu wenig Emulsion, kippt das System. Der hohe, schmale Becher löst genau das. Das Öl schwimmt oben, die Ei-Basis liegt unten — und der Mixfuß am Boden erfasst zunächst nur die Basis mit minimalen Ölmengen aus der Grenzschicht. Es entsteht sofort eine stabile Start-Emulsion. Beim langsamen Hochziehen holt sich der Sog Schicht für Schicht frisches Öl in die bereits emulgierte Masse — die kontrollierte Öl-Zugabe, für die Großmutter zehn Minuten rührte, erledigt hier die Geometrie des Bechers. Deshalb die zwei Regeln: schmaler Becher, und der Mixer bleibt unten, bis es unten dick ist. § Fünf Grill-Varianten aus einem Glas: Die Grundmayonnaise ist eine Plattform. Jeweils 4 EL abnehmen und: - Aioli: 1 fein geriebene Knoblauchzehe + 1 TL Olivenöl — zu gegrilltem Lamm und Gemüse. - Sauce Tartare: je 1 EL gehackte Cornichons und Kapern + 1 TL Estragon — zu Fisch vom Grill. - Cocktailsauce: 1 EL Ketchup + 1 TL Weinbrand + Spritzer Orangensaft — zu Garnelen. - Kräuter-Remoulade: 2 EL gehackte Kräuter + 1 TL Senf + 1 gehacktes gekochtes Ei — zum Krustenbraten. - BBQ-Mayo: 1 EL Espresso-BBQ-Sauce untergezogen — die Burger-Sauce des Hauses. - Wasabi-Kresse-Mayo: ½ TL Wasabipaste + 1 EL geschnittene Kresse — zu gegrilltem Hähnchen, Thunfisch und geröstetem Blumenkohl. § Häufige Fehler: Kaltes Ei aus dem Kühlschrank. Kalte Zutaten emulgieren schlechter. Zimmerwarm ist Pflicht. Weite Schüssel statt schmaler Becher. Ohne die Öl-Schichtung bricht der Trick zusammen — der Becher ist Teil des Rezepts. Reines Olivenöl verwendet.
Gegrillter Blumenkohl aus der Beutel-Marinade – süßsauer, scharf, geröstet; Rezept; Blumenkohl; Einfach; Blumenkohl grillen, Gemüse marinieren, Vegetarisch grillen, Grillkorb Gemüse, Quick Pickle; Steakakademie-Rezept: /rezepte/beilagen/blumenkohl-beutel-marinade; Blumenkohlröschen im Beutel mit Apfelessig, braunem Zucker, Salz und Chili schnellmariniert, dann im Grillkorb geröstet: außen karamellisiert, innen bissfest. Die vegetarische Beilage mit Quick-Pickle-Effekt. Basis: 4 Personen (Mengen linear pro Person umrechenbar). Methode: Direkt im Grillkorb oder in der Grillpfanne. Gesamtzeit: 85 Min. Zutaten (für 4 Personen): 1 Stück Blumenkohl (ca. 800 g, in mundgerechte Röschen geteilt), 3 EL Apfelessig, 2 EL Rapsöl, 1 EL Brauner Zucker, 1 TL Meersalz (grob), 1 TL Chiliflocken, 1 Prise Schwarzer Pfeffer (frisch gemahlen). Blumenkohl war jahrzehntelang das langweiligste Gemüse der deutschen Küche — gekocht, blass, mit Semmelbröseln entschuldigt. Der Grill rehabilitiert ihn vollständig. Denn kaum ein Gemüse belohnt Röstung so sehr: Seine dichten, trockenen Röschen können Farbe annehmen, ohne zu zerfallen, und sein mildes Aroma trägt Schärfe und Säure, ohne unterzugehen. § Die Beutel-Marinade: halb Marinade, halb Quick Pickle: Die Mischung aus Essig, Salz, Zucker und Chili ist chemisch gesehen eine Schnell-Einlege-Lösung — dasselbe Prinzip wie bei Quick Pickles. Das Salz entzieht den äußeren Zellschichten per Osmose etwas Wasser und macht sie durchlässiger; auf diesem Weg wandern Essigsäure, Süße und Capsaicin in die Röschen ein. Eine reine Öl-Marinade bliebe dagegen außen liegen — Öl kann die wasserbasierten Zellwände nicht durchdringen. Der Beutel ist dabei mehr als Behälter: Mit herausgedrückter Luft liegt die wenige Marinade überall gleichzeitig an, und jedes Schütteln verteilt sie neu. Sechzig Minuten reichen so für einen Effekt, für den eine Schüssel-Marinade Stunden bräuchte. § Warum erst die Säure, dann das Feuer: Auf dem heißen Grillkorb passiert die zweite Verwandlung: Der eingezogene Zucker karamellisiert an den Schnittkanten, und die Röstaromen der Maillard-Reaktion legen sich über die Süßsäure der Marinade. Dieses Zusammenspiel — geröstet außen, säuerlich-scharf durchzogen — ist dieselbe Aromenlogik, die geröstetes Gemüse in der Levante-Küche so erfolgreich macht. Wichtig ist die moderate Hitze: Bei 160–180 °C haben die Röschen Zeit, innen bissfest zu garen, während die Kanten bräunen. Volle Steakhitze würde den Zuckerfilm verbrennen, bevor der Kern gar ist. § Häufige Fehler: Röschen ungleich groß geschnitten. Die kleinen verkohlen, die großen bleiben roh. Gleichmäßigkeit beim Teilen ist die halbe Garzeit. Tropfnass auf den Grill. Herablaufende Marinade qualmt bitter. Abtropfen lassen — der haftende Film reicht völlig. Zu heiß geröstet. Verbrannter Zucker schmeckt nach Asche statt Karamell. 160–180 °C, nicht mehr.
Boerewors Braai – Südafrikanische Bauernwurst vom Grill; Rezept; Rinderwurst; Einfach; Boerewors Rezept, Südafrikanischer Braai, Gewürzte Rinderwurst grillen, Direkt grillen Fleisch; Steakakademie-Rezept: /rezepte/fleisch/boerewors-braai; Authentische Boerewors über direkter Glut gegrillt. Gewürzte Rinderwurst mit Koriander, Nelke und Muskat. Das südafrikanische Braai-Klassiker-Rezept. Basis: 4 Personen (Mengen linear pro Person umrechenbar). Methode: Direkt. Gesamtzeit: 40 Min. Zutaten (für 4 Personen): 800 g Boerewors (Rinderwurst, frisch) (Hochwertige Metzger-Qualität), 2 TL Koriandersamen (Frisch gemörsert), 1 TL gemahlene Nelke, 1 TL gemahlene Muskatnuss, 2 EL Olivenöl, 1 TL Meersalz, 1 TL schwarzer Pfeffer. Boerewors ist keine Wurst, die man einfach auf den Grill wirft. Sie ist ein kulturelles Statement — das Herzstück des südafrikanischen Braai, der ältesten Grillkultur der Welt. Wer einmal verstanden hat, warum diese Wurst so funktioniert wie sie funktioniert, wird sie nie wieder anders zubereiten wollen. --- § Warum Koriander, Nelke und Muskat — und nicht mehr: Der Gewürzmix der Boerewors ist kein Zufall. Er ist das Erbe der Kapkolonie des 17. Jahrhunderts, als niederländische Siedler auf die Gewürzrouten der VOC trafen. Koriandersamen bilden die Basis — geröstet und grob gemahlen, nicht pulverisiert. Das ist entscheidend: Ganze Korianderstücke geben beim Kauen kurze Aromastöße ab, während feines Pulver gleichmäßig, aber flach schmeckt. Nelke und Muskat liefern Tiefe und eine leichte Wärme, die nicht scharf ist. Essig — traditionell brauner Malzessig — bindet die Gewürze in die Fleischmasse und senkt gleichzeitig den pH-Wert, was die Proteinstruktur leicht denaturiert und die Bindung verbessert. Das Ergebnis ist eine Wurst mit einer Textur, die sich von europäischen Bratwürsten fundamental unterscheidet: gröber, saftiger, mit mehr Biss. Das Fleischverhältnis ist gesetzlich geregelt — in Südafrika muss Boerewors mindestens 90 % Fleisch enthalten, davon mindestens 30 % Fett. Kein Streckmittel, kein Soja, kein Mehl. Rind ist Pflicht, Schwein oder Lamm dürfen anteilig dazu. Dieses hohe Fettlevel ist kein Fehler — es ist der Grund, warum die Wurst über direkter Glut nicht austrocknet. --- § Die Spirale, das Feuer und die Physik dahinter: Die charakteristische Spiralform ist keine Ästhetik. Sie ist Thermodynamik. Eine einzelne, durchgehende Wurst in Spiralform lässt sich als Einheit wenden — ohne Zangen-Stress, ohne Drehen einzelner Würste, ohne Zeitverlust. Wichtiger: Die Spirale sorgt für gleichmäßige Hitzeverteilung über die gesamte Länge, weil alle Abschnitte gleichzeitig über der Glut liegen. Für den Braai gilt: Holzkohle oder — besser — Hartholz. Kein Gas. Der Rauch ist Teil des Geschmacks. Die Glut sollte gleichmäßig durchgeglüht sein, keine offenen Flammen. Boerewors braucht direkte, mittlere Hitze — etwa 180–200 °C auf Rosthöhe. Zu heiß, und das Fett rendert zu schnell aus, die Hülle platzt, der Saft ist weg. Niemals einstechen. Das ist keine Empfehlung, das ist Gesetz.
Bourbon & Brisket: Warum diese Kombination chemisch funktioniert; Rezept; Pairing-Guide; Mittel; Bourbon Brisket Pairing, Whiskey zum Brisket, BBQ Getränkebegleitung, Vanillin Rauch Phenole, Buffalo Trace Brisket, Blanton's Pairing, peated Whisky BBQ, Eichenfass Aromen Fleisch; Steakakademie-Rezept: /rezepte/wine-spirits/bourbon-brisket-pairing; Vanillin, Rauch-Phenole, Eichenlactone: Die Chemie hinter dem perfekten Bourbon-Brisket-Pairing – mit 5 konkreten Empfehlungen. Basis: 4 Personen (Mengen linear pro Person umrechenbar). Methode: Tasting. Gesamtzeit: 855 Min. Zutaten (für 4 Personen): 1 Stück US Beef Brisket (Packer Cut) (4–6 kg, USDA Choice oder Prime, mit vollständigem Flat und Point), 1 Flasche Buffalo Trace Bourbon (Einstiegsempfehlung, ca. 25–30 €), 1 Flasche Four Roses Small Batch (Mittleres Segment, ca. 35–45 €), 1 Flasche Woodford Reserve Double Oaked (Premium-Tier, ca. 50–60 €), 1 Flasche Blanton's Single Barrel (Top-Empfehlung, ca. 70–90 €), 1 Flasche Elijah Craig Barrel Proof (Intensiv-Option für Kenner, ca. 60–80 €), 200 g Post Oak oder Hickory Chunks (Holzwahl beeinflusst Phenol-Profil – dazu mehr in Schritt 2). Bourbon und Brisket sind keine zufällige Kombination — sie sind chemisch verwandt. Wer versteht, warum, trinkt nie wieder das Falsche dazu. § Die Chemie hinter der Kombination: Vanillin, Phenole und Maillard: Brisket ist ein Phenol-Fest. Wenn Holzrauch auf Fleisch trifft, lagern sich Guajakol, Syringol und 4-Methylguajakol in der Oberfläche ab — genau jene Verbindungen, die für den charakteristischen Rauchgeschmack verantwortlich sind. Diese Phenole entstehen durch die Pyrolyse von Lignin im Holz, bevorzugt bei Temperaturen zwischen 300 und 400 °C. Post Oak, das klassische Texas-Holz, produziert dabei ein besonders ausgewogenes Phenolprofil: wenig Bitterkeit, viel Tiefe. Bourbon kommt aus Eichenfässern — und zwar ausschließlich aus neuen, ausgekohlten American White Oak Fässern. Dieser Prozess ist gesetzlich vorgeschrieben und kein Zufall. Beim Auskohlungsprozess entsteht an der Fasswand eine Schicht aktivierter Holzkohle, die Schwefelverbindungen filtert. Gleichzeitig bricht die Hitze die Ligninstruktur des Eichenholzes auf und setzt Vanillin, Eugenol und — richtig — Guajakol frei. Dieselben Phenole, die im Rauch deines Briskets stecken, entstehen auch im Bourbon-Fass. Das ist keine Metapher. Das ist Molekülchemie. Wenn du einen Schluck Buffalo Trace nimmst und dabei Brisket isst, verstärken sich die Phenolverbindungen gegenseitig, anstatt zu konkurrieren. Dazu kommt Vanillin: Der süßlich-cremige Ton des Bourbons — besonders ausgeprägt bei längerer Fassreife — bildet einen direkten Kontrast zur Maillard-Reaktion der Bark. Die karamellisierten Zuckermoleküle und Aminosäuren in der Kruste resonieren mit den Karamell- und Toffee-Noten des Bourbons. Das Ergebnis ist Umami-Verstärkung durch Kontrast und Resonanz gleichzeitig. § Fünf Bourbons — von Buffalo Trace bis Blanton's: Die Auswahl des richtigen Bourbons ist keine Frage des Budgets allein, sondern des Phenol- und Vanillinprofils. Hier fünf konkrete Empfehlungen: Buffalo Trace (ca.
Braaibroodjies – Gegrillte Käsebrote vom Rost; Rezept; vegetarisch; Einfach; Braaibroodjies, Gegrillte Käsebrote, Braai Beilagen, Südafrikanisches Grillbrot, Direkt grillen; Steakakademie-Rezept: /rezepte/beilagen/braaibroodjies; Südafrikanische Braaibroodjies: Knusprig gegrillte Weißbrote mit Käse, Tomate und Zwiebel. Das perfekte Beilagen-Klassiker zum Braai. Basis: 4 Personen (Mengen linear pro Person umrechenbar). Methode: Direkt. Gesamtzeit: 25 Min. Zutaten (für 4 Personen): 4 Stück Weiße Brötchen oder Baguette-Scheiben (Frisch vom Bäcker), 200 g Cheddar oder Gouda (In dünne Scheiben geschnitten), 2 Stück Tomaten (In Scheiben geschnitten), 1 Stück Große Zwiebel (In dünne Ringe geschnitten), 2 EL Butter (Zum Bestreichen), 1 Prise Salz und Pfeffer (Nach Geschmack). Wer in Südafrika zum Braai einlädt und keine Braaibroodjies serviert, hat etwas fundamental missverstanden. Diese gegrillten Käsebrote sind kein Beiwerk — sie sind Pflicht. Drei Zutaten, ein Rost, zwanzig Minuten: Das Ergebnis ist eine knusprige, karamellisierte Kruste mit geschmolzenem Käse und weich gedünsteter Zwiebel, die jeden Burger vom Thron stoßen kann. § Die Maillard-Reaktion als Kernprinzip: Was Braaibroodjies von einem ordinären Toastie unterscheidet, ist die direkte Hitze des Holzfeuers — und das Verständnis, was dabei chemisch passiert. Die goldbraune Kruste entsteht durch die Maillard-Reaktion: Ab etwa 140–165 °C reagieren Aminosäuren und reduzierende Zucker im Brot miteinander und erzeugen hunderte neue Aromaverbindungen. Das ist keine Bräunung — das ist Geschmacksentwicklung. Butter auf der Außenseite des Brotes ist dabei kein optionaler Luxus, sondern thermodynamische Notwendigkeit. Fett leitet Wärme gleichmäßiger als trockenes Brot, senkt den Rauchpunkt-Stress auf der Brotkruste und sorgt dafür, dass die Maillard-Reaktion flächendeckend und gleichmäßig einsetzt — nicht nur an den Hochpunkten des Rosts. Wer hier spart, bekommt ein geflecktes, ungleichmäßig gebräuntes Ergebnis. Die Zwiebel im Inneren verhält sich anders: Sie gibt Feuchtigkeit ab, die das Brot von innen leicht dämpft. Das klingt kontraproduktiv, ist aber der Grund, warum Braaibroodjies innen weich und außen kross sind — ein Texturkontrast, der mit einem normalen Toaster schlicht nicht reproduzierbar ist. § Feuer, Rost und Timing: Die Profi-Perspektive: Braaibroodjies werden nicht über der heißesten Zone des Feuers gegrillt. Das ist der häufigste Denkfehler. Direktes Hochhitze-Grillen verbrennt die Außenseite, bevor der Käse schmilzt und die Zwiebel gar wird. Die Zieltemperatur am Rost liegt bei mittlerer indirekter bis schwach direkter Hitze — etwa 160–180 °C Oberflächentemperatur. Der klassische südafrikanische Braai arbeitet mit Holzkohle oder Hartholz, das bereits zu Glut heruntergebrannt ist. Keine offene Flamme. Die Brote werden auf den Rost gelegt, wenn die Glut gleichmäßig grau ist und keine Flammen mehr schlagen.
Texas Brisket Low & Slow - 14h Offset-Smoker Anleitung; Rezept; Brisket; Fortgeschritten; Texas Brisket, Low and Slow, Offset-Smoker, Bark-Bildung, Kollagen-Umwandlung; Steakakademie-Rezept: /rezepte/fleisch/brisket-low-slow; Klassisches Texas Brisket mit Packer Cut im Offset-Smoker. 14h bei 110°C, nur Salz & Pfeffer. Perfekte Bark und Kollagen-Umwandlung. Basis: 12 Personen (Mengen linear pro Person umrechenbar). Methode: Low & Slow. Gesamtzeit: 870 Min. Zutaten (für 12 Personen): 6 kg Brisket Packer Cut (USDA Prime oder höher, Fettkappe 0,5-1cm), 60 g Meersalz (Koscher-Salz, grobe Körnung), 30 g schwarzer Pfeffer (frisch gemahlen, mittlere Körnung), 500 ml Spritzflüssigkeit (50% Apfelsaft, 50% Rinderbouillon, optional), 200 g Eichenholz-Späne (geweicht oder trocken). Ein Brisket zu meistern bedeutet, die Geduld eines Mönches mit dem Verständnis eines Lebensmittelchemikers zu verbinden. Kein anderes BBQ-Gericht trennt so klar zwischen denen, die Fleisch grillen, und denen, die es wirklich verstehen. Wer einmal eine perfekte Scheibe Brisket mit zitternder Textur, schwarzer Bark und rotem Smoke Ring auf dem Brett liegen sieht, weiß: Das ist kein Zufall — das ist Physik. --- § Die Wissenschaft hinter 14 Stunden Rauch: Der Schlüssel zum Texas Brisket liegt nicht im Rub, nicht im Holz und nicht im Smoker-Modell. Er liegt im Kollagen. Rinderbrust ist eines der am härtesten arbeitenden Muskeln am Tier. Das Resultat: extrem dichtes Bindegewebe, durchzogen von Kollagen-Typ-I-Fasern. Bei Temperaturen unter 70°C passiert wenig. Zwischen 70°C und 80°C beginnt das Kollagen zu denaturieren — aber erst ab 85–90°C Kerntemperatur setzt die eigentliche Umwandlung ein: Kollagen hydrolysiert zu Gelatine. Diese Gelatine ist das, was ein Brisket saftig macht, obwohl es stundenlang Hitze ausgesetzt war. Ohne sie: trockenes, zähes Fleisch. Mit ihr: die charakteristische, fast schmelzende Textur, die Franklin BBQ in Austin berühmt gemacht hat. Der Stall — auf Englisch auch "The Plateau" — ist der Moment, den unerfahrene Pitmaster in den Wahnsinn treibt. Die Kerntemperatur stagniert bei 65–75°C, manchmal für 4–6 Stunden. Was passiert? Das Fleisch schwitzt. Verdunstungskühlung an der Oberfläche kompensiert exakt die zugeführte Wärme. Das ist keine Fehlfunktion — das ist Thermodynamik. Wer jetzt die Temperatur hochreißt, zerstört die Bark und stresst das Fleisch. Wer wartet, wird belohnt. Texas Crutch ist die pragmatische Antwort auf den Stall: Das Brisket wird in Butcher Paper (kein Alufolie — dazu gleich mehr) eingewickelt, sobald die Bark gesetzt ist. Das unterbricht die Verdunstungskühlung, das Plateau verkürzt sich drastisch. Aaron Franklin selbst nutzt diese Methode. Der Unterschied zu Alufolie: Butcher Paper ist dampfdurchlässig. Die Bark bleibt knusprig, das Fleisch gart weiter ohne im eigenen Saft zu dämpfen. --- § Equipment und Vorbereitung: Was wirklich zählt: Der Packer Cut ist nicht verhandelbar. Ein Flat allein hat zu wenig intramuskuläres Fett und trocknet aus.
Bun Cha Hanoi – Gegrilltes Schweinehack über Holzkohle; Rezept; Schweinehack/-bauch; Mittel; Bun Cha Hanoi, Schweinehack grillen, Holzkohle-Grillen, Vietnamesisches Grillen, Fischsauce-Dip; Steakakademie-Rezept: /rezepte/fleisch/bun-cha-hanoi; Hanois Klassiker: Schweinehack-Patties und Bauchscheiben über Holzkohle gegrillt, serviert mit Reisnudeln und süß-saurem Fischsauce-Dip. Basis: 4 Personen (Mengen linear pro Person umrechenbar). Methode: Holzkohle, direkt. Gesamtzeit: 45 Min. Zutaten (für 4 Personen): 600 g Schweinehack (80/20 Mischung), 400 g Schweinbauch (in 5mm dicke Scheiben geschnitten), 3 EL Fischsauce (Nam Pla), 2 EL Zucker (brauner Zucker bevorzugt), 2 Zehen Knoblauch (fein gehackt), 1 TL Chilipulver (oder frische rote Chili), 2 EL Limettensaft (frisch gepresst), 300 g Reisnudeln (trocken), 1 Bund Koriander (frisch), 1 Bund Minze (frisch), 100 g Erdnüsse (geröstet und gehackt), 2 EL Öl (zum Bürsten des Rosts). Bún Chả Hà Nội ist der Beweis, dass großes BBQ keine Komplexität braucht — nur Feuer, Fett und Präzision. Hanois Mittagessen-Ikone vereint verkohltes Schweinefleisch, einen präzise austarierten Dip und frische Kräuter zu einem Gericht, das in seiner Schlichtheit kaum zu übertreffen ist. Wer verstehen will, warum Holzkohle hier keine Option, sondern eine Bedingung ist, liest weiter. --- § Die Maillard-Reaktion auf Vietnamesisch: Warum Verkohlung hier Pflicht ist: Bei Bún Chả geht es nicht um zartes, medium-rare Fleisch. Das Ziel ist kontrollierte Verkohlung — und das ist kein Fehler, sondern das Herzstück des Gerichts. Die Patties (Nem Nướng) bestehen aus gewürztem Schweinehack mit einem Fettanteil von mindestens 20–25 %. Dieser Fettgehalt ist entscheidend: Beim Kontakt mit der Glut tropft Fett auf die Kohlen, verdampft sofort und schlägt als aromatischer Rauch zurück ans Fleisch. Dieser Prozess — auf Englisch als Drip-and-Flare bekannt — erzeugt genau die rauchigen, leicht bitteren Aromen, die Bún Chả unverwechselbar machen. Die Bauchscheiben (Thịt Ba Chỉ Nướng) funktionieren nach demselben Prinzip, bringen aber durch ihre Schichtstruktur aus Fett und Magerfleisch eine zusätzliche Texturkomplexität. Die Fettschichten karamellisieren, die Magerfleischbereiche entwickeln Bark — minimal, aber spürbar. Wichtig: Die Marinade enthält Zucker (oft Palmzucker oder normaler Rohrzucker). Zucker beschleunigt die Maillard-Reaktion und fördert gleichzeitig die Karamellisierung. Das bedeutet: Die Hitze muss hoch sein, aber die Garzeit kurz. Zu lange auf der Glut, und aus kontrollierter Verkohlung wird Verbrennung — bitter statt komplex. Zieltemperatur der Kohlen: Direkte Hitze, 250–300 °C Rosttemperatur. Kein Deckel, kein indirektes Garen. Bún Chả braucht offenes Feuer. --- § Equipment und Setup: Warum der Yakitori-Grill hier gewinnt: Ein klassischer Kugelgrill funktioniert, aber er ist nicht ideal. Traditionell wird Bún Chả auf einem flachen, länglichen Holzkohlegrill zubereitet — ähnlich einem japanischen Yakitori-Grill oder einem einfachen Blechkasten mit Kohlebett.
Burnt Ends – Kansas-City-Klassiker vom Brisket Point; Rezept; Brisket Point; Fortgeschritten; Burnt Ends Rezept, Brisket Point räuchern, Kansas City BBQ, Smoker Rezept; Steakakademie-Rezept: /rezepte/fleisch/burnt-ends; Burnt Ends selber machen: Brisket Point räuchern, würfeln, glasieren und im Smoker karamellisieren. Das Original-Rezept aus Kansas City. Basis: 6 Personen (Mengen linear pro Person umrechenbar). Methode: Smoker, gewuerfelt. Gesamtzeit: 390 Min. Zutaten (für 6 Personen): 2 kg Brisket Point (nach 6-8h Räuchern separiert), 250 ml BBQ-Sauce (selbstgemacht oder hochwertig), 3 EL Butter (für Glasur), 2 EL Braunes Zucker (für Karamellisierung), 1 TL Schwarzer Pfeffer (frisch gemahlen), 1 TL Paprikapulver (edelsüß), 1 Prise Cayenne (optional für Schärfe). Burnt Ends sind kein Abfallprodukt — sie sind das Ziel. Das fettige, kollagenreiche Point-Stück vom Brisket verwandelt sich nach stundenlangem Smoken, Würfeln und Glasieren in karamellisierte Fleischbomben mit einer Bark, die knackt, und einem Kern, der schmilzt. Wer einmal echte Kansas-City Burnt Ends gegessen hat, versteht, warum Pitmaster Arthur Bryant damit eine ganze Stadtkultur geprägt hat. § Warum der Point und nicht das Flat: Ein Brisket besteht aus zwei Muskeln: dem mageren Flat und dem fettdurchzogenen Point. Der Point liegt obenauf, ist dicker, hat mehr intramuskuläres Fett und einen deutlich höheren Kollagenanteil. Genau das macht ihn zur perfekten Grundlage für Burnt Ends. Beim langen Garprozess bei 110–120 °C passiert folgendes: Das Kollagen im Bindegewebe hydrolysiert ab etwa 70 °C zu Gelatine. Dieser Prozess braucht Zeit — viel Zeit. Das intramuskuläre Fett rendert gleichzeitig aus und hält das Fleisch saftig, während die Gelatine eine cremige, fast butterartige Textur erzeugt. Das Flat würde bei diesem Prozess austrocknen. Der Point nicht. Die Bark — die dunkle, kruste Außenschicht — entsteht durch zwei Reaktionen: die Maillard-Reaktion zwischen Aminosäuren und reduzierenden Zuckern (ab ca. 140 °C Oberflächentemperatur) und die Karamellisierung von Zuckern im Rub. Beim zweiten Durchgang im Smoker, wenn die gewürfelten Stücke mit BBQ-Sauce glasiert werden, wiederholt sich dieser Prozess auf sechs Seiten gleichzeitig. Das Ergebnis: maximale Bark-zu-Fleisch-Ratio. § Equipment und Prozessführung wie ein Pitmaster: Der Smoker: Offset-Smoker, Pelletgrill oder Keramikgrill — alle funktionieren, wenn die Temperatur stabil bleibt. Entscheidend ist indirektes Garen und sauberer Rauch. Beißender, weißer Rauch aus unvollständiger Verbrennung ruiniert die Bark. Ziel ist dünner, blauer Rauch. Holzwahl: Hickory ist der Kansas-City-Standard. Wer es etwas milder will, mischt mit Kirsche oder Apfel. Oak funktioniert ebenfalls hervorragend und gibt eine erdige Tiefe. Der Prozess in Phasen: 1. Erster Smoke: Das komplette Brisket (oder nur der Point, wenn bereits getrennt) bei 110–115 °C smoken, bis eine Kerntemperatur von 74–76 °C erreicht ist.
Irisches Buttermilchbrot vom Grill – Brot ohne Hefe, ohne Gehzeit; Rezept; Brot; Einfach; Soda Bread, Buttermilchbrot, Brot ohne Hefe, Brot vom Grill, Irisches Brot; Steakakademie-Rezept: /rezepte/beilagen/buttermilchbrot-grill; Soda Bread nach irischer Art: Buttermilch und Natron ersetzen die Hefe — kein Kneten, kein Gehen, in 10 Minuten im Grill. Rustikale Kruste, saftige Krume, das perfekte BBQ-Begleitbrot. Basis: 6 Personen (Mengen linear pro Person umrechenbar). Methode: Indirekt, im Gusseisen oder auf Pizzastein. Gesamtzeit: 50 Min. Zutaten (für 6 Personen): 450 g Weizenmehl (Type 1050 oder halb 550/halb Vollkorn), 1 TL Natron (kein Backpulver — Natron braucht die Buttermilchsäure), 1 TL Salz, 400 ml Buttermilch, 1 EL Honig (optional, rundet ab), 1 EL Haferflocken (zum Bestreuen). Es gibt einen Grund, warum dieses Brot in Irland Alltagsbrot wurde: Es ist in zehn Minuten im Ofen — oder eben im Grill. Keine Hefe, kein Kneten, kein Gehen. Die ganze Triebkraft kommt aus einer einzigen chemischen Reaktion, die jeder aus dem Chemieunterricht kennt. § Die Chemie: Säure trifft Natron: Hefebrot braucht Stunden, weil lebende Hefen Zucker langsam zu CO₂ vergären. Soda Bread nimmt die Abkürzung: Natron (Natriumhydrogencarbonat) reagiert mit der Milchsäure der Buttermilch — und setzt das CO₂ sofort frei. Dieselbe Reaktion wie beim Schulversuch mit Essig und Backpulver, nur eingebaut in einen Teig, der die Bläschen festhält. Daraus folgt die gesamte Technik des Brots. Erstens: echte Buttermilch, denn ohne ihre Säure bleibt das Natron wirkungslos und schmeckt seifig. Zweitens: Tempo, denn die Reaktion startet beim ersten Kontakt — ein Teig, der zwanzig Minuten herumsteht, hat sein Gas verloren, bevor er den Grill sieht. Drittens: nicht kneten, denn das straffe Glutennetz eines Hefeteigs würde die schwachen CO₂-Bläschen einsperren und das Brot dicht machen. Soda Bread will einen ruppigen, kaum verrührten Teig — seine Krume ist bewusst dichter und mürber als bei Hefebrot, fast wie ein herzhafter Scone. § Warum es in den Grill gehört: Bei 200 °C indirekt mit geschlossenem Deckel backt der Kugelgrill das Brot wie ein Steinofen — und die Gusseisenpfanne liefert von unten die Kontakthitze für die rustikale Kruste. Der unbezahlbare Nebeneffekt: Das Brot backt, während die Kohlen für den Hauptgang durchglühen, und ein Hauch Grillatmosphäre zieht in die Kruste. Frisches, warmes Brot zum BBQ, ohne die Küche zu betreten. Es ist der perfekte Partner zum Lammhüften-Schmorsud, zur Chili-Kräuterbutter — oder schlicht zum Auftunken von allem, was auf dem Teller zurückbleibt. § Häufige Fehler: Backpulver statt Natron. Backpulver bringt seine eigene Säure mit und ignoriert die Buttermilch — das Brot schmeckt flach und geht anders auf. Natron ist die halbe Rezeptidee. Teig geknetet. Zähes, flaches Brot. 30 Sekunden Rühren sind das Maximum. Teig stehen gelassen. Das CO₂ entweicht ungenutzt. Mischen und sofort backen — der Grill ist vorher heiß, nicht nachher.
Cá Nướng Bananenblatt – Vietnamesischer Grillwels; Rezept; Wels/Snapper; Mittel; Cá Nướng, Vietnamesischer Grillwels, Bananenblatt Grill, Fisch grillen, Holzkohlegrill Fisch; Steakakademie-Rezept: /rezepte/fisch/ca-nuong-bananenblatt; Zartes Fischfilet in Bananenblatt mit Zitronengras und Chili. Direkt auf Holzkohle gegrillt für authentisches Aroma und Dampfgaren. Basis: 4 Personen (Mengen linear pro Person umrechenbar). Methode: Bananenblatt, Holzkohle. Gesamtzeit: 40 Min. Zutaten (für 4 Personen): 4 Filets Wels oder Snapper (à 200g, hautlos), 2 Bund Zitronengras (in feine Ringe geschnitten), 3 Stück rote Chilischoten (entkernt, in Streifen), 1 Bund frischer Dill (grob gehackt), 8 Blätter Bananenblatt (frisch oder tiefgefroren), 3 EL Fischsoße (vietnamesisch), 2 EL Limettensaft (frisch gepresst), 1 TL Zucker (zum Ausgleich). Vietnamesischer Grillfisch funktioniert nach einer Logik, die westliche BBQ-Denkmuster auf den Kopf stellt: kein direkter Kontakt mit dem Rost, kein Rub, keine Sauce — stattdessen ein lebendiges Blatt als Garmedium, das gleichzeitig Hülle, Dampfkammer und Aromaträger ist. Cá Nướng Bananenblatt ist Streetfood-Kultur und Hochküche in einem, und wer einmal verstanden hat, was dabei physikalisch passiert, wird dieses Prinzip nie wieder vergessen. --- § Das Bananenblatt als Garsystem: Physik und Aromachemie: Ein frisches Bananenblatt besteht zu über 80 % aus Wasser. Wenn es auf die heiße Kohle trifft, beginnt dieses Wasser zu verdampfen — langsam, kontrolliert, von innen nach außen. Der Fisch gart nicht durch trockene Strahlungshitze, sondern in einem feuchten Mikrokosmos, der Temperaturen von 90–100 °C kaum überschreitet. Das Ergebnis ist strukturell näher am Dämpfen als am Grillen — mit einem entscheidenden Unterschied: Die Außenseite des Blatts verbrennt. Diese Verbrennung ist kein Fehler, sie ist das Ziel. Die Maillard-Reaktion findet hier nicht am Fisch statt, sondern am Blatt selbst. Die dabei entstehenden Pyrolyseprodukte — leicht bittere, rauchige, pflanzliche Aromen — diffundieren durch das Blatt in den Dampfraum und lagern sich an der Fischhaut ab. Das Bananenblatt funktioniert also als selektiver Aromafilter: Es lässt Rauch durch, hält aber aggressive Hitze draußen. Zitronengras, Chili und Dill verstärken diesen Effekt. Zitronengras enthält Citral, ein Terpen, das bei Wärme flüchtig wird und sich im Dampf löst. Dill bringt Carvon und Limonen — beide fettlöslich, beide mit hoher Affinität zur Fischhaut. Die Kombination ist keine zufällige Geschmackstradition, sie ist empirisch optimierte Aromachemie, entwickelt über Generationen. --- § Fischauswahl, Vorbereitung und Grillsetup: Fisch: Traditionell wird Cá Trê (Wels) verwendet — fettreich, mit festem weißen Fleisch, das Hitze und Feuchtigkeit gut verträgt. In Deutschland ist Pangasius die nächstliegende Option, aber ein ganzer Zander, Wolfsbarsch oder Red Snapper funktionieren besser, weil die Haut beim Garen eine schützende Barriere bildet. Filets ohne Haut sind möglich, verzeihen aber weniger Fehler.
Carolina Mustard Sauce – Die goldene BBQ-Sauce aus South Carolina; Rezept; Sauce; Einfach; Carolina Mustard Sauce, South Carolina BBQ Sauce, Senf BBQ Sauce, Pulled Pork Sauce, amerikanische BBQ Sauce, tomatenfreie BBQ Sauce, Mustard Sauce Rezept; Steakakademie-Rezept: /rezepte/saucen-rubs/carolina-mustard-sauce; Senf-BBQ-Sauce nach South-Carolina-Art: gelber Senf, Dijon, Apfelessig & Worcestershire. Fertig in 15 Min. Perfekt zu Pulled Pork & Ribs. Basis: 8 Personen (Mengen linear pro Person umrechenbar). Methode: Einkochen. Gesamtzeit: 15 Min. Zutaten (für 8 Personen): 120 ml Gelber amerikanischer Senf (z.B. French's – gibt die typische Farbe und milde Schärfe), 60 ml Dijon-Senf (Für Tiefe und feinere Schärfe – kein Ersatz durch Körnersenf), 80 ml Apfelessig (Ungefiltert bevorzugt – bringt die typische Carolina-Säure), 50 g Brauner Zucker (Dunkel für mehr Melasse-Tiefe), 2 EL Worcestershire Sauce (Gibt Umami-Fundament – nicht weglassen), 1 TL Tabasco (Original Red – Menge nach Schärfepräferenz anpassen), 1 TL Knoblauchpulver, 0.5 TL Schwarzer Pfeffer (Frisch gemahlen), 0.5 TL Salz (Zum Abschmecken am Ende). Wer glaubt, BBQ-Sauce bedeutet automatisch Tomate, hat South Carolina noch nicht kennengelernt. Die Carolina Mustard Sauce ist das Gegenteil von allem, was du aus dem Supermarktregal kennst — scharf, säurebetont, komplex, und von einer leuchtend goldenen Farbe, die auf dem Teller sofort Fragen aufwirft. Genau das ist der Punkt. § Die BBQ-Sauce-Geografie der USA — und warum South Carolina seinen eigenen Weg geht: Die USA haben keine einheitliche BBQ-Sauce. Sie haben Regionen, und jede Region hat eine Philosophie. Kansas City setzt auf dicke, süße Tomatensaucen mit Melasse — das ist das, was die meisten Deutschen als "BBQ-Sauce" kennen. Texas braucht oft gar keine Sauce, weil das Fleisch für sich spricht. North Carolina spaltet sich selbst: Im Osten regiert ein reiner Essig-Pfeffer-Mix ohne jede Süße, im Westen kommt etwas Tomate dazu (Lexington Style). Und dann ist da South Carolina — die einzige Region, die konsequent auf Senf setzt. Der Grund ist historisch. Im 18. Jahrhundert siedelten sich im Midlands-Bereich von South Carolina — rund um Columbia und Orangeburg — massenhaft deutsche Einwanderer an. Sie brachten ihre Senf-Kultur mit. Gelber Senf war günstig, haltbar, und passte perfekt zur Säure des Apfelessigs, der ohnehin schon in der südlichen Küche allgegenwärtig war. Die Kombination setzte sich durch, wurde weitergegeben, und ist heute so tief in der regionalen Identität verankert, dass Pitmaster wie Maurice Bessinger oder Melvin Bessinger (keine Verwandten) damit Dynastien aufgebaut haben. Das Ergebnis ist eine Sauce, die chemisch völlig anders funktioniert als ihre tomatenbasierten Konkurrenten. Senf enthält Glucosinolate, die beim Erhitzen und in Kombination mit Säure ihre charakteristische Schärfe entwickeln. Apfelessig liefert Essigsäure, die das Fleisch nicht nur begleitet, sondern aktiv aufhellt — sowohl geschmacklich als auch optisch. Brauner Zucker karamellisiert beim kurzen Köcheln und rundet die Säurespitzen ab, ohne die Sauce zu süßen.
Zedernholz-Lachs mit Ahornsirup-Glasur; Rezept; Lachs; Mittel; Zedernholz-Lachs, Lachsfilet grillen, Indirekte Garung, Ahornsirup-Glasur, Kerntemperatur Lachs; Steakakademie-Rezept: /rezepte/fisch/cedar-plank-lachs; Saftiges Lachsfilet auf gewässertem Zedernbrett, indirekt gegart bis 50–52 °C Kerntemperatur. Ahornsirup-Dijon-Glasur mit Dill und Zitrone. Basis: 4 Personen (Mengen linear pro Person umrechenbar). Methode: Indirekt auf Zedernholz. Gesamtzeit: 40 Min. Zutaten (für 4 Personen): 1 Stück Zedernholzbrett (mind. 30 Minuten in kaltem Wasser wässern), 800 g Lachsfilet mit Haut (4 Portionen à 200 g, Gräten entfernen), 3 EL Ahornsirup (reiner Sirup, nicht Aroma), 1 EL Dijon-Senf (mittelscharf), 1 EL Sojasauce (für Umami und Salzigkeit), 1 TL Dill (frisch gehackt), 1 Stück Zitrone (für Saft und Zesten), 2 TL Olivenöl (zum Bestreichen des Bretts), 1 TL Meersalz (zum Würzen), 1 TL schwarzer Pfeffer (frisch gemahlen). Zedernholz und Lachs — diese Kombination ist kein Trend, sondern Jahrtausende alte Küstenkultur der First Nations im Pacific Northwest. Was die indigenen Völker Kanadas und des amerikanischen Nordwestens über offenem Feuer perfektionierten, lässt sich auf dem Grill mit präziser Temperaturkontrolle auf ein neues Niveau heben. --- § Die Physik des Bretts: Warum Zedernholz funktioniert: Das Zedernholzbrett ist kein Gimmick. Es ist ein aktives Garelement mit drei Funktionen gleichzeitig. Feuchtigkeitspuffer: Das gewässerte Brett — mindestens eine Stunde, besser zwei bis vier Stunden vollständig untergetaucht — gibt während der Garzeit kontinuierlich Dampf ab. Dieser Dampf umhüllt das Filet von unten und verhindert das Austrocknen der Unterseite, während die Oberhitze des Deckels von oben arbeitet. Das Ergebnis ist eine gleichmäßige, schonende Garumgebung, die kein Backofengitter je replizieren kann. Aromaquelle: Thuja plicata, die Westliche Rotzeder, enthält Thujaplicin und weitere Terpenoide. Wenn das Brett bei 180 °C beginnt zu schwelen — nicht zu brennen — verdampfen diese Verbindungen und ziehen in das Fischfleisch. Das Aroma ist harziger, erdiger als klassischer Räucherrauch. Es ergänzt den Lachs, ohne ihn zu dominieren. Wichtig: Das Brett soll rauchen, nicht in Flammen stehen. Wer das Brett zu trocken lässt oder zu heiß grillt, bekommt Bitterkeit statt Komplexität. Wärmeisolator: Die Holzschicht zwischen Rost und Fisch verhindert direkten Kontakt mit der Hitzequelle. Der Lachs gart ausschließlich durch Konvektion und Strahlung — sanft, kontrolliert, ohne harte Kontaktfläche. Das ist der Grund, warum Zedernholz-Lachs selbst bei leichter Unaufmerksamkeit noch gelingt, wo direktes Grillen sofort bestraft. --- § Kerntemperatur ist alles: Der Unterschied zwischen glasig und trocken: Lachs verzeiht keine Überhitzung. Die Proteinstruktur des Fisches — insbesondere Myosin und Aktin — denaturiert in engen Temperaturfenstern. Myosin beginnt bei etwa 40 °C zu gerinnen, Aktin erst bei 65–70 °C.
Chateaubriand – Filet-Mittelteil im Ganzen garen; Rezept; Rinderfilet; Fortgeschritten; Chateaubriand grillen, Rinderfilet indirekt garen, Sous-Vide Grill, Französisches Steak, Kerntemperatur Filet; Steakakademie-Rezept: /rezepte/fleisch/chateaubriand-filet; Französische Klassiker-Methode: Rinderfilet präzise auf 53°C indirekt garen, dann sear. Perfekt für Fortgeschrittene. Basis: 4 Personen (Mengen linear pro Person umrechenbar). Methode: Indirekt + Sear. Gesamtzeit: 60 Min. Zutaten (für 4 Personen): 1200 Gramm Rinderfilet (Mittelteil/Chateaubriand) (Zimmertemperatur vor Garen), 15 Gramm Meersalz (Grobes Kristallsalz), 5 Gramm Schwarzer Pfeffer (Frisch gemahlen), 30 Gramm Butter (Zum Sear), 3 Zehen Knoblauch (Ganz, ungeschält), 2 Zweige Thymian (Frisch). Das Chateaubriand ist kein Steak — es ist eine Aussage. Das dickste Mittelstück des Rinderfilets, klassisch für zwei Personen, verlangt nach einer Technik, die Präzision über Intuition stellt. Wer hier schludert, zerstört den edelsten und teuersten Cut des Rindes. § Warum das Filet keine Fehler verzeiht: Das Rinderfilet — anatomisch der Musculus psoas major — ist der am wenigsten beanspruchte Muskel des Tieres. Er trägt keine Last, arbeitet kaum. Das Ergebnis: nahezu null Bindegewebe, minimaler Fettgehalt, eine Textur, die bei richtiger Zubereitung an Butter erinnert. Genau dieser Mangel an intramuskulärem Fett ist aber auch das Problem. Fett ist Puffer. Es verzeiht Übergarung, weil es Feuchtigkeit speichert und Hitze verlangsamt. Das Filet hat diesen Puffer nicht. Zwischen perfekt — saftig, zart, mit einem Hauch von Widerstand — und ruiniert — trocken, faserig, geschmacklos — liegen beim Chateaubriand keine zehn Grad Kerntemperatur, sondern drei bis vier. Das ist der Grund, warum ein Thermometer hier keine Option ist, sondern Pflicht. Die Zieltemperatur liegt bei 53–54 °C Kerntemperatur vor dem Sear. Nach dem scharfen Anbraten und der Ruhephase landet man bei 56–57 °C — klassisch medium-rare, mit einem gleichmäßig rosafarbenen Schnittbild von Rand zu Rand. Wer auf 60 °C und darüber geht, hat ein teures Stück Fleisch in Schuhsohlen-Qualität verwandelt. § Reverse Sear als einzig sinnvolle Methode: Die klassische französische Küche bereitet Chateaubriand im Ofen vor und finisht in der Pfanne. Das Prinzip ist identisch mit dem, was wir als Reverse Sear kennen — und es ist beim Filet die einzig sinnvolle Herangehensweise. Warum nicht direkt sear-en? Ein Chateaubriand-Stück wiegt typischerweise 400–600 g und ist 8–12 cm dick. Wer diesen Block direkt über hoher Hitze gart, bekommt außen eine verbrannte Kruste, bevor die Mitte überhaupt warm geworden ist. Das Ergebnis ist ein grauer Übergangsbereich von mehreren Zentimetern — genau das Gegenteil von dem, was man will. Die Methode im Detail: Indirekte Hitze bei 110–120 °C auf dem Grill (oder Backofen) bringt das Fleisch langsam und gleichmäßig auf Temperatur. Bei dieser niedrigen Umgebungstemperatur ist der Temperaturgradient im Fleisch minimal — die Außenschicht ist kaum wärmer als der Kern.
American Cheesecake vom Grill – cremig gebacken im Kugelgrill; Rezept; Dessert; Mittel; Cheesecake Grill, Käsekuchen grillen, Dessert vom Grill, Backen im Kugelgrill, American Cheesecake Rezept; Steakakademie-Rezept: /rezepte/desserts/cheesecake-vom-grill; New-York-Style Cheesecake indirekt im Grill gebacken: Keksboden, cremige Frischkäsemasse, feine Rauchnote. Der Beweis, dass ein Kugelgrill auch ein Backofen ist — Schritt für Schritt gelingsicher. Basis: 8 Personen (Mengen linear pro Person umrechenbar). Methode: Indirekt, mittlere Hitze. Gesamtzeit: 75 Min. Zutaten (für 8 Personen): 200 g Butterkekse, 80 g Butter (zerlassen), 600 g Frischkäse (Doppelrahmstufe, zimmerwarm), 120 g Zucker, 1 Päckchen Vanillezucker, 3 Stück Eier (Größe M, zimmerwarm), 1 TL Zitronenabrieb (von einer Bio-Zitrone), 1 Prise Salz. Ein Kugelgrill mit Deckel ist physikalisch nichts anderes als ein Umluftofen mit Holzkohlecharakter — und nichts beweist das eindrucksvoller als ein Cheesecake. Wer beim Grillkurs oder Gartenfest zum Dessert einen im Grill gebackenen Käsekuchen aufschneidet, hat die Aufmerksamkeit aller. Dabei ist die Technik einfacher als die meisten Steaks. § Eierstockung: die einzige Regel, die zählt: Ein Cheesecake ist keine Backware, sondern eine gebackene Creme — verwandt mit Crème brûlée, nicht mit Rührkuchen. Seine Struktur kommt allein von den Eiern: Deren Proteine stocken langsam und binden die Frischkäsemasse zu einer dichten Creme. Diese Stockung ist temperaturempfindlich. Zu heiß gebacken, ziehen sich die Eiproteine zu stark zusammen — der Kuchen wird körnig, schwitzt Wasser aus und reißt beim Abkühlen. Deshalb die zwei Temperaturen: 180 °C nur für den Keksboden, dann 160 °C für die Masse. Und deshalb der Wackeltest statt der Stäbchenprobe: Die Mitte darf beim Herausnehmen noch wie Pudding zittern — die Restwärme zieht sie beim Abkühlen fertig. Wer backt, bis die Mitte fest ist, hat bereits überbacken. § Warum der Grill sogar Vorteile hat: Die indirekte Zone eines Kugelgrills backt erstaunlich gleichmäßig — und bringt etwas mit, das kein Backofen kann: eine Ahnung von Rauch. Schon die Holzkohle allein gibt dem Kuchen einen Hauch Lagerfeuer im Hintergrund, der mit der Vanille und dem karamellisierten Rand überraschend elegant harmoniert. Wer mag, verstärkt das mit ein, zwei Chunks Obstholz — mehr nicht, Rauch und Dessert vertragen sich nur in Spuren. Wichtig ist nur ein stabiler Deckel-Haushalt: Temperatur einregeln, Kuchen hinein, Deckel zu, Vertrauen. Der Kuchen braucht keine Betreuung — nur konstante Hitze. § Häufige Fehler: Masse schaumig geschlagen. Luft ist der Feind: Der Kuchen geht auf wie ein Soufflé und fällt ein wie eines. Nur verrühren. Zu lange gebacken. Feste Mitte beim Herausnehmen = trockener, rissiger Kuchen am nächsten Tag. Wackelpudding-Test. Warm angeschnitten. Warm ist er eine Creme ohne Halt. Die Kühlzeit gehört zum Rezept wie das Backen selbst.
Chicken Wings mit Bier-Injection – von innen mariniert, im Rauch gegart; Rezept; Chicken Wings; Mittel; Chicken Wings smoken, Marinierspritze Injection, Wings räuchern, Bier Marinade Hähnchen, BBQ Wings; Steakakademie-Rezept: /rezepte/fleisch/chicken-wings-bier-injection; Wings mit der Marinierspritze von innen mit Bier-BBQ-Infusion gewürzt, trocken gerubbt und bei 120 °C im Apfelrauch gegart — zum Finale mit Gorgonzola-Butter glasiert. Die Injection-Technik Schritt für Schritt. Basis: 4 Personen (Mengen linear pro Person umrechenbar). Methode: Wassersmoker oder indirekt mit Rauch, 120 °C. Gesamtzeit: 120 Min. Zutaten (für 4 Personen): 12 Stück Chicken Wings (ganze Flügel, küchenfertig), 100 ml Helles Bier, 50 ml BBQ-Sauce (glatt — z. B. unsere Espresso-BBQ-Sauce, durchs Sieb passiert), 1 EL Meersalz (grob), 1 EL Paprika edelsüß, 1 EL Brauner Zucker, 0.5 TL Cayennepfeffer, 0.5 TL Schwarzer Pfeffer (gemahlen), 40 g Butter, 60 g Gorgonzola (oder anderer Blauschimmelkäse). Die Marinierspritze ist das am meisten unterschätzte Werkzeug der BBQ-Kiste — und Wings sind das perfekte Übungsstück, um die Injection-Technik zu lernen, bevor sie am 8-Kilo-Truthahn oder Pulled-Pork-Nacken zum Einsatz kommt. § Warum von innen würzen?: Eine klassische Marinade hat ein Reichweitenproblem: Ihre wasserlöslichen Aromen dringen pro Tag nur wenige Millimeter ins Fleisch ein — bei allem, was dicker als ein Steak ist, bleibt sie Oberflächenkosmetik. Die Injection überspringt die Diffusion komplett: Die Nadel legt die Würzflüssigkeit direkt dorthin, wo sie in Stunden nie ankäme. Beim Garen verteilt sich das Depot entlang der Muskelfasern — jeder Bissen ist gewürzt, nicht nur die Kruste. Das Bier ist dafür ein ideales Trägermedium: mild genug, um nicht vorzuschmecken, mit Malzsüße und etwas Säure, die das Hähnchenfleisch unterstützen. Die passierte BBQ-Sauce bringt Salz, Süße und Tiefe mit — passiert deshalb, weil Stückchen die Nadel verstopfen. § Die 80-Grad-Wahrheit über Wings: Wer Wings wie Hähnchenbrust auf 74 °C gart, bekommt zähe Enttäuschung. Flügel sind kleine Kollagen-Pakete — Haut, Gelenke, Bindegewebe — und Kollagen beginnt erst oberhalb von ~75 °C zügig zu Gelatine zu schmelzen. Die 80–85 °C Zieltemperatur sind deshalb kein Übergaren, sondern der Punkt, an dem sich das Fleisch sauber vom Knochen löst und die Haut weich-saftig wird. Die niedrige Garraumtemperatur von 120 °C gibt dem Prozess Zeit — und dem milden Apfelrauch Gelegenheit, die Haut mahagonifarben zu färben. Die Gorgonzola-Butter zum Finale zitiert die klassische amerikanische Wing-Dramaturgie — Blauschimmeldip zu scharfen Flügeln — und legt sie als Glasur direkt aufs Produkt: Das Käsefett schmilzt in die warme Haut, die Schärfe des Cayenne aus dem Rub steht dagegen. § Häufige Fehler: Zu viel injiziert. Prall gefüllte Taschen platzen beim Garen auf und laufen aus. Wenige Milliliter an mehreren Stellen schlagen eine große Dosis an einer. Sauce nicht passiert. Ein Stückchen Zwiebel, und die Nadel ist dicht. Sieb ist Pflicht. Bei Brust-Temperatur aufgehört.
Chili-Kräuterbutter fürs Steak – mit dem Umami-Geheimnis; Rezept; Butter; Einfach; Kräuterbutter Steak, Chili Kräuterbutter, Kräuterbutter selber machen, Steakbutter Rezept, Umami Butter; Steakakademie-Rezept: /rezepte/saucen-rubs/chili-kraeuterbutter; Aufgeschlagene Kräuterbutter mit frischer Chili, Limette und einem Teelöffel Fischsauce als unsichtbarem Umami-Verstärker. Schmilzt auf dem heißen Steak zur fertigen Sauce — in 15 Minuten gemacht. Basis: 4 Personen (Mengen linear pro Person umrechenbar). Methode: Kalt aufgeschlagen, ohne Kochen. Gesamtzeit: 15 Min. Zutaten (für 4 Personen): 125 g Butter (zimmerwarm — mindestens 1 Stunde vorher herauslegen), 1 Stück Rote Chili (entkernt, sehr fein gewürfelt), 2 EL Gemischte Kräuter (frisch gehackt: Petersilie, Schnittlauch, etwas Estragon), 1 Zehe Knoblauch (fein gerieben), 1 TL Fischsauce (das Umami-Geheimnis — schmeckt nicht nach Fisch), 1 TL Limettensaft (plus etwas Abrieb), 1 Prise Salz und schwarzer Pfeffer. Eine gute Kräuterbutter ist die einfachste Steak-Sauce der Welt: Sie besteht aus dem, was ohnehin auf dem Tisch steht, braucht keinen Herd — und erledigt ihre Arbeit von selbst, während das Steak rastet. Diese Version hat ein Detail, das sie von der Supermarkt-Rolle trennt: einen Teelöffel Fischsauce. § Warum Fischsauce ins Steak-Universum gehört: Fischsauce ist konzentriertes, fermentiertes Umami — im Kern nichts anderes als flüssiges Glutamat plus salzige Tiefe, wie es auch in gereiftem Parmesan oder Sojasauce steckt. Richtig dosiert (ein Teelöffel auf 125 g Butter) schmeckt sie nicht nach Fisch, sondern verstärkt den Fleischgeschmack des Steaks, so wie Salz Süße verstärkt. Rind ist von Natur aus reich an Glutamat und Inosinat; die Fischsauce dockt genau dort an und hebt das ganze Aroma eine Stufe an. Der Effekt ist der gleiche, den Steakhäuser mit gereifter Butter oder Anchovis in der Sauce erzielen — nur ehrlicher in fünf Sekunden dosiert. § Butter als Aromaträger: Die meisten Aromastoffe in Kräutern, Chili und Knoblauch sind fettlöslich. In Butter eingearbeitet, lösen sie sich und verteilen sich — die Butter wird zum Trägermedium. Auf dem heißen Steak schmilzt sie, nimmt den austretenden Fleischsaft auf und wird zur fertigen Emulsion aus Fett, Jus, Säure und Aromen: eine Pfannensauce ohne Pfanne. Deshalb gehört die Scheibe auf das rastende Steak, nicht auf den Grill — sie soll schmelzen, nicht verbrennen. Die Limette ist der Gegenpol: Ihre Säure schneidet durch das Fett und verhindert, dass die Butter satt und eindimensional wirkt. Säure, Schärfe, Umami, Fett — die Butter ist ein komplettes Geschmacksystem in Scheibenform. § Wozu sie passt: Zu jedem kurzgebratenen Steak — vom Rumpsteak bis zum Porterhouse —, auf gegrilltem Mais, Fächerkartoffeln oder heißem Naan. Die Rolle im Gefrierfach ist die beste Grill-Versicherung: immer eine fertige Sauce im Haus. § Häufige Fehler: Kalte Butter verarbeitet. Sie verbindet sich nicht mit den Aromen und bleibt klumpig. Zimmerwarm ist der halbe Erfolg. Zu viel Fischsauce.
Choripán Argentino – Gegrillte Chorizo mit Chimichurri; Rezept; Schweinsbratwurst; Einfach; Choripán Argentino, Gegrillte Chorizo, Asado Rezept, Chimichurri; Steakakademie-Rezept: /rezepte/fleisch/chorizo-argentino-choripan; Authentisches argentinisches Choripán: knusprig gegrillte Chorizo im Brot mit hausgemachtem Chimichurri. Der klassische Asado-Einstieg. Basis: 4 Personen (Mengen linear pro Person umrechenbar). Methode: Parrilla, direkt. Gesamtzeit: 35 Min. Zutaten (für 4 Personen): 4 Stück Argentinische Chorizo (ca. 150g pro Stück) (Hochwertige Qualität mit Schweinefleisch und Paprika), 4 Stück Baguette-Scheiben oder Brötchen (Frisch, nicht zu dünn), 150 ml Chimichurri (hausgemacht) (Petersilie, Oregano, Knoblauch, Olivenöl, Rotweinessig), 2 EL Olivenöl (Zum Bestreichen der Chorizo), 1 Prise Meersalz (Nach Geschmack). Argentinien hat kein Amuse-Bouche. Es hat den Choripán — und der ist ehrlicher, direkter und befriedigender als jeder Gruß aus der Küche, den du je bekommen hast. Frische Chorizo, langsam über Holzkohle gezogen, aufgeplatzte Haut, aufgeschnittenes Brot, Chimichurri. Fertig. Wer dieses Gericht unterschätzt, hat noch nie einen echten Asado erlebt. § Die argentinische Chorizo: Nicht die spanische, nicht die mexikanische: Das ist der häufigste Fehler europäischer Griller: Sie greifen zur falschen Wurst. Die argentinische Chorizo — Chorizo Criollo — ist eine frische, rohe Schweinswurst mit grobem Fleischanteil, gewürzt mit Paprika, Knoblauch, Oregano und Weißwein. Keine Räucherung, kein Pökeln, keine Fermentation. Sie ist näher an einer deutschen Bratwurst als an der spanischen Chorizo aus dem Vakuumbeutel. Der Fettanteil liegt typischerweise bei 25–30 %. Das ist kein Zufall. Dieses Fett ist der Treibstoff für das, was auf der Parrilla passiert: Beim langsamen Grillen schmilzt das intramuskuläre Fett, tropft auf die Glut, erzeugt Rauch, der zurück auf die Wurst steigt — ein geschlossener Aromkreislauf. Gleichzeitig baut sich Druck im Darm auf, bis die Haut an der schwächsten Stelle aufplatzt. Dieser Moment ist kein Unfall. Er ist das Ziel. Wer keine argentinische Chorizo bekommt: Metzger des Vertrauens, grob gewolftes Schweinefleisch (Schulter + Bauch, 70/30), Paprika edelsüß, Knoblauch, Oregano, Weißwein, Salz. Darm: Schweinedarm Kaliber 32/34. Selbst herstellen dauert 45 Minuten und lohnt sich absolut. § Parrilla-Technik: Warum indirektes Grillen hier Pflicht ist: Die Parrilla ist kein Grill im deutschen Sinne. Sie ist ein System. Argentinische Asadores arbeiten mit Holzkohle oder Holz, das seitlich abbrennt und dann als Glut unter den Rost geschoben wird. Die Hitze ist kontrollierbar, nie aggressiv. Genau das braucht die Chorizo. Direkte Hitze ist der Feind der Chorizo. Wer die Wurst über volle Glut legt, bekommt außen verbrannte Haut und innen rohes Fleisch. Der Darm reißt unkontrolliert auf, das Fett tropft in die Flammen, die Wurst verbrennt. Das sieht man auf jedem deutschen Grillabend — und es ist vermeidbar.
Costela Gaúcha – Brasilien's legendäre Churrasco-Rippe; Rezept; Rinderrippe; Fortgeschritten; Costela Gaúcha, Churrasco Rippen, Rinderrippen Grill, Brasilien BBQ, Gaucho Grillen; Steakakademie-Rezept: /rezepte/fleisch/costela-gaucha-churrasco; Massive Rinderrippen nach Gaucho-Art: Stunden über indirektem Feuer, nur grobes Salz. Kollagen schmilzt, Fleisch fällt vom Knochen. Authentisches Churrasco. Basis: 6 Personen (Mengen linear pro Person umrechenbar). Methode: Indirektes Feuer, langsam. Gesamtzeit: 390 Min. Zutaten (für 6 Personen): 3 kg Rinderrippen (Costela de Res, 3-4 Rippen am Stück) (Idealerweise 8-10 cm Fleischdicke), 60 g Grobes Meersalz (Sal Grosso) (Kein feines Salz), 2 l Wasser (Für Spritzflasche), 1 Stück Holzkohle (Quebracho oder Eucalyptus) (Authentisch, aber Eiche geht auch), 1 Prise Schwarzer Pfeffer (Optional, traditionell nur Salz). Wer glaubt, er kenne Rippen, hat noch keine Costela Gaúcha gegessen. Dieses Gericht aus Rio Grande do Sul ist kein Rezept – es ist eine Philosophie: maximales Fleisch, minimale Zutaten, maximale Zeit. Nur grobes Salz, Feuer und Geduld trennen dich vom besten Rind, das du je gegessen hast. --- § Was hier biochemisch passiert – und warum Zeit alles ist: Rinderrippen sind Arbeitsmuskulatur. Das bedeutet: dichtes Bindegewebe, viel Kollagen, wenig intramuskuläres Fett im Vergleich zu einem Ribeye. Genau das macht sie zur perfekten Kandidatin für langsames, indirektes Garen – und zur denkbar schlechtesten für direkte Hitze. Kollagen beginnt bei etwa 70–75 °C zu denaturieren und in Gelatine umzuwandeln. Dieser Prozess ist nicht linear – er braucht Zeit bei dieser Temperatur, nicht nur das Erreichen davon. Ein Kerntemperaturmessgerät, das 85 °C anzeigt, sagt dir nichts darüber, wie lange das Fleisch dort war. Die Gauchos wissen das intuitiv: Sie reden nicht über Kerntemperatur. Sie reden über Stunden. Bei der Costela Gaúcha arbeitest du typischerweise mit Garzeiten zwischen 6 und 10 Stunden bei einer Umgebungstemperatur von 120–150 °C. In diesem Fenster passiert folgendes: - Kollagen → Gelatine: Das Bindegewebe löst sich auf, das Fleisch wird seidig und zieht sich vom Knochen zurück. - Fettrendering: Das intermuskuläre Fett schmilzt und befeuchtet das Fleisch kontinuierlich von innen. - Maillard-Reaktion an der Oberfläche: Durch die lange Exposition entsteht eine tiefe, fast schwarze Kruste – die Bark. Beim Churrasco-Stil ohne Rub entsteht diese Bark ausschließlich durch Salz, Fleischproteine und Rauch. Reduziert. Brutal. Perfekt. Der sogenannte Stall – jener frustrierende Plateau-Bereich um 70–75 °C, bei dem die Kerntemperatur stundenlang nicht steigt – ist hier kein Problem, sondern ein Feature. Verdunstungskühlung durch austretende Fleischsäfte hält das Fleisch in genau dem Temperaturbereich, in dem Kollagen am effizientesten umgewandelt wird. Nicht eingreifen. Nicht wrappen. Warten.
Drillinge im Salzbett – Kartoffeln vom Grill mit Kräuterquark; Rezept; Kartoffel; Einfach; Drillinge grillen, Kartoffeln Salzkruste, Salzbett Kartoffeln, Grill-Beilage, Kräuterquark Dip; Steakakademie-Rezept: /rezepte/beilagen/drillinge-salzkruste; Kleine Drillinge auf grobem Salzbett indirekt gegart: konzentriertes Kartoffelaroma, zart-cremiges Inneres, dazu ein schneller Kräuterquark-Dip. Die einfachste Grill-Beilage mit Wow-Effekt. Basis: 4 Personen (Mengen linear pro Person umrechenbar). Methode: Indirekt, im Salzbett. Gesamtzeit: 55 Min. Zutaten (für 4 Personen): 800 g Drillinge (kleine, festkochende Kartoffeln, ungeschält), 1 kg Meersalz (grob — als Garbett, wird nicht mitgegessen), 2 Zweige Rosmarin, 250 g Magerquark, 100 g Sauerrahm, 2 EL Schnittlauch (in Röllchen), 1 Zehe Knoblauch (fein gerieben), 1 Prise Salz und Pfeffer (für den Dip). Kartoffeln im Salzbett sind ein Trick aus der Kursküche, der auf jeder Gästeliste funktioniert: minimaler Aufwand, maximaler Effekt. Und anders als der Name vermuten lässt, werden die Drillinge dabei nicht salzig — sie werden intensiver. § Was das Salzbett wirklich tut: Das grobe Salz ist hier kein Gewürz, sondern ein Garmedium. Es speichert Wärme und gibt sie gleichmäßig von allen Seiten an die Kartoffeln ab — wie ein Umluftofen im Miniaturformat, nur direkter. Gleichzeitig entzieht das Salzbett der Umgebung Feuchtigkeit: Die Kartoffel dämpft nicht im eigenen Wasserdampf, sondern gart trocken. Das Ergebnis ist ein konzentriertes, fast nussiges Kartoffelaroma und eine leicht ledrige, aromatische Schale. Und die Angst vor der Salzbombe? Unbegründet. Die intakte Schale ist eine wirksame Barriere — Salz wandert praktisch nicht ins Innere. Nur wo die Kartoffel feucht war oder die Schale verletzt ist, haftet und zieht Salz. Deshalb: trockene, unverletzte Drillinge verwenden. § Warum indirekt und mit geschlossenem Deckel: Bei 180–200 °C indirekter Hitze hat die Stärke im Inneren Zeit, vollständig zu verkleistern — das macht die cremige Textur. Direkte Hitze von unten würde das Salzbett lokal überhitzen und die Auflagefläche verbrennen, bevor der Kern gar ist. Der geschlossene Deckel macht aus dem Grill einen Ofen; jedes Öffnen kostet Temperatur und verlängert die Garzeit. Der kalte Kräuterquark ist der klassische Gegenspieler: kühl gegen heiß, säuerlich-frisch gegen erdig-röstig. Mehr braucht diese Beilage nicht. § Häufige Fehler: Feines Salz verwendet. Es verdichtet sich, klebt an der Schale und würzt durch. Grobes Meersalz lässt Luft zirkulieren und bleibt außen. Zu früh herausgenommen. Ein harter Kern ruiniert die cremige Textur. Die Spießprobe kostet zwei Sekunden — machen. Salzbett auf direkter Flamme. Von unten verbrennt die Auflagefläche. Das Bett gehört in die indirekte Zone.
Dry-Aged Ribeye Reverse Sear — Irisches Premium-Fleisch; Rezept; Dry-Aged Ribeye; Profi; Dry-Aged Ribeye, Reverse Sear, Niedrigtemperatur-Garen, Irisches Fleisch, Sous-Vide-Grill; Steakakademie-Rezept: /rezepte/fleisch/dry-aged-ribeye; Trockengereiftes Ribeye auf 52°C indirekt gegart, dann scharf angebraten. Nussige Aromen, perfekte Kruste. Reverse-Sear-Meisterklasse. Basis: 2 Personen (Mengen linear pro Person umrechenbar). Methode: Reverse Sear. Gesamtzeit: 60 Min. Zutaten (für 2 Personen): 2 Stück Dry-Aged Ribeye (je 400–500 g, mind. 4 Wochen gereift) (Irische Herkunft bevorzugt), 1 Prise Meersalz (Fleur de Sel, erst kurz vor dem Sear), 1 Prise Schwarzer Pfeffer (Frisch gemahlen), 30 g Butter (Zum Basting in der Pfanne), 2 Zehen Knoblauch (Gequetscht, für Aromabutter), 3 Zweige Thymian (Frisch). Dry-Aged Ribeye vom irischen Weiderind — das ist kein Kompromiss, das ist die Benchmark. Wer einmal verstanden hat, was 28+ Tage Trockenreifung mit einem Muskel machen, der nie wieder zurückwill. Der Reverse Sear ist die einzige Methode, die diesem Fleisch gerecht wird. --- § Was Dry-Aging mit dem Ribeye macht — und warum Irland: Irisches Weiderind gilt aus gutem Grund als Referenz: Das feuchte atlantische Klima der irischen Westküste produziert ganzjährig saftiges Gras. Rinder, die 300+ Tage im Jahr auf der Weide stehen, entwickeln eine intramuskuläre Fettstruktur, die sich fundamental von Stallhaltung unterscheidet. Das Fett ist feiner verteilt, der Anteil an Omega-3-Fettsäuren messbar höher, der Geschmack grasiger, komplexer — ohne die Schärfe, die schlecht gemästetes Weiderind manchmal mitbringt. Dry-Aging überlagert dieses Profil mit einer zweiten Geschmacksdimension. Während der Reifung verliert das Fleisch durch Verdunstung 15–30 % seines Gewichts — ausschließlich Wasser. Was bleibt, ist konzentriert. Gleichzeitig arbeiten körpereigene Enzyme (vor allem Calpaine und Cathepsine) die Muskelproteine ab: Myofibrillen werden gespalten, die Textur wird mürber, ohne weich zu werden. Das Ergebnis ist ein Biss, der Widerstand gibt und gleichzeitig sofort nachgibt — das ist keine Magie, das ist kontrollierter enzymatischer Abbau. Ab 28 Tagen beginnt zusätzlich die Maillard-Reaktion der Oberfläche eine Rolle zu spielen: Die äußere Schicht, die sogenannte Rinde oder Pellicle, entwickelt nussige, leicht pilzige Aromen durch Oxidation der Fette und Aktivität von Edelschimmelkulturen. Diese Schicht wird vor dem Garen entfernt — aber ihre Aromastoffe haben längst ins Fleisch diffundiert. Konsequenz für die Würzung: Weniger ist mehr. Grobes Meersalz, schwarzer Pfeffer, fertig. Alles andere konkurriert mit dem, wofür du bezahlt hast. --- § Reverse Sear: Warum die Reihenfolge entscheidet: Der klassische Fehler beim Premium-Cut ist Ungeduld: direkt in die Pfanne, hohe Hitze, Kerntemperatur unkontrolliert. Das Ergebnis ist ein grauer Ring unter der Kruste — übergartes Fleisch, das du nicht zurückbekommst. Reverse Sear dreht die Logik um.
Ganze Ente vom Grill – Knusprig & saftig; Rezept; Ganze Ente; Fortgeschritten; Ganze Ente grillen, Indirekte Garmethode, Knusprige Entenhaut, Französische Grillrezepte, Fett ablassen Grill; Steakakademie-Rezept: /rezepte/fleisch/ente-vom-grill; Französische Grillente mit knuspriger Haut. Indirekte Garmethode, Fett ablassen, perfekte Kerntemperatur. Schritt-für-Schritt Anleitung. Basis: 4 Personen (Mengen linear pro Person umrechenbar). Methode: Indirekt, Fett ablassen. Gesamtzeit: 165 Min. Zutaten (für 4 Personen): 1 Stück Ganze Ente (1,8–2,2 kg) (Raumtemperatur vor Garen), 2 EL Meersalz (Grobes Körnung), 1 TL Schwarzer Pfeffer (Frisch gemahlen), 1 TL Thymian (Getrocknet), 1 TL Knoblauchpulver (Optional), 2 Stück Zitronenhälften (Zum Füllen). Die Ente ist das anspruchsvollste Geflügel auf dem Grill – und gleichzeitig das lohnendste. Ihr hoher Fettgehalt, der eine Hühnerbrust alt aussehen lässt, ist gleichzeitig ihr größtes Potenzial: richtig gehandhabt entsteht eine Haut, die beim Reinbeißen knackt wie Porzellan, während das Fleisch darunter saftig und aromatisch bleibt. Wer das einmal hinbekommen hat, grillt kein Hähnchen mehr. --- § Warum Entenfett alles verändert – und wie du es kontrollierst: Eine Barbarie-Ente bringt je nach Größe zwischen 400 und 600 Gramm reines subkutanes Fett mit. Das ist keine Schwäche – das ist Rohstoff. Dieses Fett muss während des Garens vollständig ausschmelzen (rendern), damit die Haut direkt auf dem Fleisch aufliegt und durch die Hitze kross werden kann. Bleibt das Fett unter der Haut, wird sie gummiartig und weich – das klassische Scheitern bei der Grillente. Die Lösung ist mechanisch und thermisch zugleich: Haut mehrfach einstechen, und zwar ausschließlich schräg und flach, damit du nur die Haut perforierst, nicht das Fleisch darunter. Ideal ist eine Entengabel oder eine Fleischgabel mit dünnen Zinken. Stich alle 2–3 cm, besonders intensiv an Brust, Keulen und Rücken. Durch diese Kanäle kann das flüssige Fett beim Garen ablaufen. Die Temperatur spielt dabei eine entscheidende Rolle: Entenfett beginnt bei etwa 35–40 °C zu schmelzen, aber vollständiges Rendern braucht Zeit bei moderater Hitze. Deshalb ist indirektes Garen bei 160–170 °C die richtige Methode – nicht 200 °C, weil dann die Außenhaut verbrennt, bevor das Fett innen ausgeschmolzen ist. Plane 2,5 bis 3 Stunden für eine Ente von 2 kg ein. Die Kerntemperatur am Ende: 82–85 °C in der Keule, gemessen ohne Knochenkontakt. Ein Trick aus der französischen Küche, der am Grill genauso funktioniert: Die Ente vor dem Grillen 24–48 Stunden unabgedeckt im Kühlschrank trocknen lassen. Die Oberfläche trocknet aus, die Haut zieht sich leicht zusammen – das Ergebnis ist eine deutlich bessere Ausgangsbasis für Knusprigkeit. --- § Setup, Holz und der finale Sear: Für eine ganze Ente brauchst du einen Grill mit Deckel und ausreichend Platz für indirektes Garen. Kettle-Grill, Kamado oder Gasgrill mit Zwei-Zonen-Setup – alles funktioniert. Wichtig: eine Tropfschale unter der Ente, gefüllt mit etwas Wasser oder Brühe.
Entrana Asado Argentino – Skirt Steak von der Parrilla; Rezept; Skirt Steak; Mittel; Entrana Asado, Skirt Steak grillen, Argentinisches Steak, Parrilla Grill, Chimichurri Rezept; Steakakademie-Rezept: /rezepte/fleisch/entrana-asado-argentino; Argentinisches Skirt Steak mit intensiver Marmorierung, direkt auf der Parrilla gegrillt. Nur Salz, Medium Rare, quer zur Faser geschnitten. Mit Chimichurri. Basis: 4 Personen (Mengen linear pro Person umrechenbar). Methode: Parrilla, direkt. Gesamtzeit: 27 Min. Zutaten (für 4 Personen): 1200 g Entrana (Skirt Steak), in einem Stück (Marmorierung sichtbar, Silberhaut entfernt), 15 g Grobes Meersalz (Fleur de Sel oder argentinisches Sal Gruesa), 2 Bund Petersilie, glatt (für Chimichurri), 6 Zehen Knoblauch, geschält (für Chimichurri), 120 ml Olivenöl, extra vergine (für Chimichurri), 30 ml Rotweinessig (für Chimichurri), 1 TL Oregano, getrocknet (für Chimichurri), 1 Prise Chili, gemahlen (optional, für Chimichurri). Wer einmal in Buenos Aires an einem Sonntagnachmittag eine Parrilla erlebt hat, versteht sofort: Asado ist keine Kochtechnik, es ist eine Haltung. Und kein Cut verkörpert diese Haltung besser als die Entrana — intensiv, direkt, kompromisslos aromatisch. --- § Warum die Entrana der ehrlichste Cut Argentiniens ist: Die Entrana ist das Zwerchfell des Rindes — anatomisch gesprochen der Musculus diaphragma. In der angloamerikanischen Welt kennt man ihn als Skirt Steak, wobei zwischen Outside Skirt (Außenzwerchfell) und Inside Skirt unterschieden wird. Die argentinische Entrana entspricht typischerweise dem Outside Skirt: länger, dünner, mit einer ausgeprägteren Faserstruktur und einer Marmorierung, die selbst gut abgehangene Ribeyes alt aussehen lässt. Der Grund für das intensive Aroma liegt in der Funktion des Muskels. Das Zwerchfell arbeitet kontinuierlich — jeder Atemzug des Tieres aktiviert diesen Muskel. Stark beanspruchte Muskeln entwickeln mehr intramuskuläres Fett, mehr Myoglobin und damit eine tiefere, fast lebrige Fleischintensität. Der Myoglobingehalt ist direkt verantwortlich für die dunkelrote Farbe und den eisenhaltigen, mineralischen Geschmack, der die Entrana von einem Filet so fundamental unterscheidet. Die grobe, längs verlaufende Faserstruktur ist kein Nachteil — sie ist das Charaktermerkmal. Quer zur Faser geschnitten entstehen kurze Faserbündel, die trotz der Bissfestigkeit nicht zäh wirken. Wer längs schneidet, beißt auf endlose Fasern und fragt sich danach, warum alle so begeistert sind. --- § Parrilla-Technik: Feuer, Abstand, Timing: Eine argentinische Parrilla funktioniert anders als ein europäischer Kugelgrill. Die V-förmigen Eisenstäbe des Rosts leiten Fett seitlich ab, statt es in die Glut tropfen zu lassen — weniger Flare-ups, gleichmäßigere Hitze, kein verbrannter Fettgeschmack. Wer keine Parrilla besitzt, arbeitet mit einem gusseisernen Rost über direkter Holzkohle oder Holzglut. Gasgrill geht — aber das Ergebnis ist ein anderes Gespräch. Die Hitze muss brutal sein.
Entrecôte grillen – Perfekt rosa mit Kruste; Rezept; Entrecôte; Mittel; Entrecôte grillen, Rib Eye Steak, Direktes Grillen, Kerntemperatur 54 Grad, Fleisch richtig grillen; Steakakademie-Rezept: /rezepte/fleisch/entrecote-grillen; Entrecôte richtig grillen: 60–90 Sekunden Direkthitze, dann indirekt bis 54 °C Kern. Deutsches Standard-Verfahren für maximale Saftigkeit. Basis: 2 Personen (Mengen linear pro Person umrechenbar). Methode: Heiß angrillen + indirekt. Gesamtzeit: 27 Min. Zutaten (für 2 Personen): 2 Stück Entrecôte (3,5–5 cm Dicke, ca. 300–350 g pro Stück) (Zimmertemperatur vor dem Grillen), 2 TL Meersalz (grobes Kristall) (Kurz vor dem Grillen), 1 TL Schwarzer Pfeffer (frisch gemahlen) (Kurz vor dem Grillen), 30 g Butter (Zum Basting nach dem Grillen), 2 Zehe Knoblauch (gequetscht) (Optional für Butter). Das Entrecôte ist der ehrlichste Schnitt am Rind: intensiv marmoriert, mit kräftigem Fettauge und einem Geschmack, der keine Verkleidung braucht. Wer es richtig grillt, bekommt eine Kruste, die knackt, und ein Inneres, das bei 54–56 Grad Kerntemperatur seidig-rosa bleibt. Wer es falsch grillt, zahlt 30 Euro für graues Fleisch. --- § Warum Hitze zuerst – und dann Ruhe: Das Entrecôte verlangt nach zwei Temperaturzonen, und das hat einen physikalischen Grund. Die Maillard-Reaktion beginnt ab etwa 140 Grad Oberflächentemperatur. Bei 280–300 Grad direkter Hitze läuft sie in Sekunden ab: Aminosäuren und reduzierende Zucker reagieren zu hunderten aromatischen Verbindungen. Das Ergebnis ist die Kruste – nicht nur optisch, sondern geschmacklich der entscheidende Kontrast zum weichen Kern. 60–90 Sekunden pro Seite reichen bei einem 3,5–5 cm dicken Stück vollständig aus. Länger, und die Hitze wandert zu tief ins Fleisch. Der indirekte Bereich bei 160 Grad übernimmt danach die Präzisionsarbeit. Hier steigt die Kerntemperatur kontrolliert, ohne dass die Oberfläche weiter verbrennt. Das Ziel: 54 Grad Kern für Medium Rare. Wer 57 Grad anpeilt, landet bei Medium – ebenfalls vertretbar, aber das Fettauge verliert ab da an Textur. Warum kein Reverse Sear? Beim klassischen Entrecôte unter 5 cm Dicke bringt Reverse Sear keinen messbaren Vorteil. Der Temperaturunterschied zwischen Kern und Rand ist bei dieser Dicke gering genug, dass direktes Angrillen gefolgt von indirekter Nachgarphase identische Ergebnisse liefert – mit weniger Zeitaufwand. Das Rasten auf dem vorgewärmten Holzbrett ist kein Ritual, sondern Physik. Während des Grillens zieht sich das Muskelprotein zusammen und drückt Flüssigkeit in Richtung Zentrum. Nach 5–7 Minuten Ruhe entspannt sich die Faserstruktur, der Saftdruck verteilt sich neu. Ein kaltes Brett entzieht dabei Wärme – deshalb das Brett vorwärmen, entweder kurz in die indirekte Zone legen oder mit heißem Wasser abspülen und trocknen. --- § Equipment und Fleischauswahl: Wo die Entscheidung fällt: Der Grill: Ein Kugelgrill oder Gasgrill mit mindestens zwei Zonen ist Pflicht.
Fächerkartoffeln vom Grill – knusprig gefächert mit Knoblauchbutter; Rezept; Kartoffel; Einfach; Fächerkartoffeln Grill, Hasselback Kartoffeln, Kartoffeln grillen, Grill-Beilage Kartoffel, Knoblauchbutter Kartoffeln; Steakakademie-Rezept: /rezepte/beilagen/faecherkartoffeln-grill; Hasselback-Kartoffeln indirekt gegrillt: hauchdünn eingeschnitten, mit Knoblauchbutter durchtränkt und mit Parmesan überbacken. Außen Chips, innen cremig — die spektakulärste Kartoffel-Beilage vom Grill. Basis: 4 Personen (Mengen linear pro Person umrechenbar). Methode: Indirekt. Gesamtzeit: 90 Min. Zutaten (für 4 Personen): 4 Stück Große festkochende Kartoffeln (je ca. 300 g, gewaschen und trocken getupft), 80 g Butter, 3 Zehen Knoblauch (angedrückt), 40 g Parmesan (fein gerieben), 1 TL Meersalz (grob), 0.5 TL Schwarzer Pfeffer (frisch gemahlen), 2 EL Petersilie (glatt, gehackt). Die Fächerkartoffel — international als Hasselback-Kartoffel bekannt, nach dem Stockholmer Restaurant, das sie in den 1950ern berühmt machte — ist die Antwort auf eine alte Beilagen-Frage: Warum muss man sich zwischen knuspriger Bratkartoffel und cremiger Ofenkartoffel entscheiden? Muss man nicht. § Die Geometrie macht den Geschmack: Der Fächerschnitt ist kein Show-Effekt, sondern angewandte Physik. Jeder Schnitt vervielfacht die Oberfläche der Kartoffel — und Oberfläche ist, wo Röstung passiert. Die dünnen Ränder der Fächer trocknen in der heißen Grillluft aus und werden zu Chips, während der zusammenhängende Kern darunter wie eine klassische Ofenkartoffel cremig gart. Eine Kartoffel, zwei Texturen. Dazu kommt der Butter-Effekt: Beim Garen verliert die Kartoffel Wasser, schrumpft, und die Fächer öffnen sich von selbst. Genau dann — nach etwa 30 Minuten — kommt die zweite Runde Knoblauchbutter zwischen die Blätter und wandert dorthin, wo sie hingehört: in jede einzelne Schicht statt nur außen drauf. § Warum indirekt bei 200 °C: Die Fächerkartoffel braucht dieselbe Umgebung wie ein Braten: gleichmäßige Hitze von allen Seiten, genug Zeit für den Kern, genug Trockenheit für die Ränder. Direkte Hitze würde die Unterseite verbrennen, bevor die Fächer öffnen. Bei 200 °C indirekt mit geschlossenem Deckel arbeitet der Grill wie ein Umluftofen — mit dem Bonus, dass Räucherchips jederzeit eine Dimension ergänzen können, die kein Backofen kann. Der Parmesan kommt bewusst erst zum Schluss: Käse braucht nur Minuten zum Schmelzen und Bräunen, aber eine Stunde Hitze würde ihn verbrennen und bitter machen. § Häufige Fehler: Durchgeschnitten. Ohne die Löffelstiel-Bremse passiert es jedem: Die Kartoffel zerfällt in Scheiben. Zwei Kochlöffel kosten nichts. Mehligkochende Sorte verwendet. Sie zerfällt beim Fächern und wird pappig. Festkochend ist Pflicht. Käse von Anfang an. Verbrannter Parmesan schmeckt bitter. Die letzten 10 Minuten reichen vollständig.
Flank Steak grillen: Heiß, kurz, quer geschnitten; Rezept; Flank Steak; Mittel; Flank Steak grillen, Hochtemperatur Grillen, Fleisch quer schneiden, Direktes Grillen, Steak Garstufe; Steakakademie-Rezept: /rezepte/fleisch/flank-steak-grillen; Flank Steak perfekt grillen: Hochtemperatur-Methode, Medium Rare, und das Geheimnis des Querschnitts gegen die Faser erklärt. Basis: 4 Personen (Mengen linear pro Person umrechenbar). Methode: Heiß direkt. Gesamtzeit: 27 Min. Zutaten (für 4 Personen): 1 Stück Flank Steak (ca. 800-1000g) (Zimmertemperatur vor dem Grillen), 2 TL Meersalz (Grobes Salz), 1 TL Schwarzer Pfeffer (Frisch gemahlen), 1 TL Knoblauchpulver (Optional), 30 g Butter (Zum Abschluss). Das Flank Steak ist der ehrlichste Cut, den der Rinderbauch zu bieten hat: intensiv im Geschmack, günstig im Preis, und gnadenlos in der Reaktion auf Fehler. Wer die Regeln kennt, bekommt ein Steak, das Ribeye-Fans zum Nachdenken bringt. Wer sie ignoriert, kaut auf Schuhsohle. § Anatomie und Faserstruktur: Warum dieser Cut anders funktioniert: Das Flank Steak stammt aus dem unteren Bauchbereich des Rinds — auf Deutsch auch als Dünnung oder Bavette bekannt, wobei Bavette streng genommen ein leicht abweichender französischer Cut ist. Der entscheidende Unterschied zu einem Ribeye oder Striploin liegt in der Muskelstruktur: Die Fasern verlaufen lang, parallel und deutlich sichtbar durch das gesamte Stück. Dieser Muskel arbeitet viel, was zwei Konsequenzen hat. Erstens: intensiver, fast nussiger Rindfleischgeschmack durch höheren Myoglobin-Gehalt und stärkere Muskelaktivität. Zweitens: eine Textur, die bei falscher Behandlung zäh wird. Kollagen spielt hier eine untergeordnete Rolle — das Flank Steak ist kein Schmor-Kandidat. Die Zähigkeit entsteht durch die langen, intakten Muskelfasern selbst. Die Lösung ist mechanisch, nicht thermisch: Quer zur Faser schneiden verkürzt die Faserlänge auf wenige Millimeter. Was vorher wie Kaugummi wirkte, wird plötzlich zart und angenehm zu kauen. Das ist keine Kochphilosophie — das ist Geometrie. Ein Schnitt parallel zur Faser macht selbst ein perfekt gegartes Flank Steak ungenießbar. Quer geschnitten, dünn aufgefächert, ist es ein anderes Steak. Kerntemperatur: 52–55 °C für Medium Rare. Mehr ist möglich, aber ab 60 °C verliert das Steak rapide an Saftigkeit, weil die Muskelfasern stark kontrahieren und Flüssigkeit auspressen. Das Fenster ist eng. § Hitze, Timing und die richtige Technik: Flank Steak braucht direkte, aggressive Hitze — 250 °C aufwärts, besser mehr. Ziel ist eine kräftige Maillard-Reaktion auf der Oberfläche, bevor das Innere übergaren kann. Das Stück ist typischerweise 1,5 bis 2,5 cm dick und flach, was bedeutet: Die Hitze erreicht das Zentrum schnell. Kein Platz für indirektes Garen, kein Reverse Sear nötig. Auf dem Gasgrill oder Holzkohlegrill: Direkte Zone auf maximale Temperatur bringen. Das Steak trocken tupfen — Feuchtigkeit auf der Oberfläche kostet wertvolle Sekunden für die Krustenbildung.
Frango Churrasco – Brasilianisches Spießhähnchen; Rezept; Hähnchen; Einfach; Frango Churrasco, Spießhähnchen grillen, Churrascaria Rezept, Brasilianisches Hähnchen, Rotisserie Hähnchen; Steakakademie-Rezept: /rezepte/fleisch/frango-churrasco-brasil; Saftiges Hähnchen vom Spieß nach Churrascaria-Art. Knoblauch-Limetten-Marinade, knusprige Haut, rotierend gegrillt. Das Original aus Brasilien. Basis: 4 Personen (Mengen linear pro Person umrechenbar). Methode: Spieß, direkt. Gesamtzeit: 75 Min. Zutaten (für 4 Personen): 2 Stück Halbe Hähnchen (je ca. 1,2 kg) (Frisch, nicht tiefgekuehlt), 8 Zähne Knoblauch (Fein gehackt), 150 ml Olivenoel (Natives Extra), 3 Stück Limetten (Saft und Zest), 2 TL Meersalz (Grobes Koernchen), 1 TL Schwarzer Pfeffer (Frisch gemahlen), 1 TL Paprikapulver (Edelsuesspaprika), 1 TL Cayennepfeffer (Optional, für Schaerfe). Frango Churrasco ist der stille Star jedes brasilianischen Rodízio — während alle Augen auf das Picanha liegen, dreht sich das halbe Hähnchen geduldig auf dem Spieß und entwickelt dabei eine Haut, die knackt wie Pergament, und ein Fleisch, das vor Saft kaum zu halten ist. Das Geheimnis liegt nicht in einer komplizierten Technik, sondern im Zusammenspiel von rotierender Hitze, einer simplen aber präzisen Marinade und Zeit. Wer das einmal verstanden hat, grillt Hähnchen nie wieder anders. § Die Physik des rotierenden Spiesshähnchens: Rotisserie-Grillen ist keine Nostalgie — es ist Physik. Wenn ein halbes Hähnchen auf dem Spieß rotiert, passieren gleichzeitig drei Dinge, die beim statischen Grillen nie zusammenkommen: Selbst-Basting: Das austretende Fett und die Marinade laufen nicht in die Glut, sondern über die gesamte Oberfläche des Hähnchens. Jede Umdrehung ist ein automatischer Pinselstrich. Die Haut bleibt kontinuierlich feucht — bis der Moment kommt, wo die Temperatur hoch genug ist, um sie knusprig zu rendern. Gleichmässige Hitzeverteilung: Kein heisser Fleck, kein kalter Fleck. Die Brust, die beim direkten Grillen immer zu früh austrocknet, bekommt dieselbe Behandlung wie die Keule. Das Ergebnis ist eine Kerntemperatur, die sich über das gesamte Hähnchen angleicht — ohne dass du ständig eingreifen musst. Maillard ohne Verbrennen: Durch die Rotation hat die Oberfläche immer wieder kurze Abkühlphasen, bevor sie erneut der Strahlungshitze ausgesetzt wird. Das erlaubt eine tiefe Bräunung ohne Verbrennung — vorausgesetzt, die Hitze stimmt. Ziel ist eine indirekte Temperatur von 180–200 °C im Garraum, mit einer kurzen direkten Hitzephase am Ende für die finale Knusprigkeit. Die Zielkerntemperatur liegt bei 74 °C in der Brust, 80–82 °C in der Keule. Wer ein Thermometer scheut, riskiert entweder trockene Brust oder rosa Keule — beides ist vermeidbar. § Marinade, Spießtechnik und das richtige Setup: Die klassische Frango-Churrasco-Marinade ist bewusst reduziert: Knoblauch, Olivenöl, Limettensaft, grobes Meersalz, schwarzer Pfeffer. Manchmal Petersilie, manchmal ein Hauch Paprika. Keine Sojasauce, keine Süsse, kein Ablenkungsmanöver.
Gai Yang Isaan – Thailändisches Grillhähnchen mit Zitronengras; Rezept; Hähnchen; Mittel; Gai Yang, Isaan Hähnchen, Thai Grillhähnchen, Zitronengras Marinade, Nam Jim Jaew; Steakakademie-Rezept: /rezepte/fleisch/gai-yang-isaan; Authentisches Gai Yang aus der Isaan-Region: mariniertes Hähnchen mit Zitronengras, Knoblauch und Koriander. Indirekt gegart, dann scharf gegrillt. Basis: 2 Personen (Mengen linear pro Person umrechenbar). Methode: Indirekt + direkt. Gesamtzeit: 80 Min. Zutaten (für 2 Personen): 1 Stück Hähnchen (ca. 1,5 kg), halbiert (Freilandhaltung bevorzugt), 4 Stängel Zitronengras, fein gehackt, 8 Zehen Knoblauch, gepresst, 15 g Korianderwurzeln, gehackt (oder Koriandersamen gemahlen), 3 EL Fischsauce, 2 EL Palmzucker, 1 TL weißer Pfeffer, gemahlen, 2 EL Öl. Isaan ist die ärmste Region Thailands — und kulinarisch eine der reichsten. Gai Yang, das gegrillte Hähnchen der Straßenküche, ist kein vereinfachtes Gericht. Es ist ein Meisterwerk der Balance: Fett, Säure, Umami, Rauch. Wer einmal verstanden hat, warum diese Marinade funktioniert und was beim Grillen physikalisch passiert, wird nie wieder ein Hähnchen anders zubereiten. § Die Marinade: Biochemie auf dem Schneidebrett: Die klassische Isaan-Marinade besteht aus Zitronengras, Knoblauch, Korianderwurzel, Fischsauce, Palmzucker und weißem Pfeffer. Jede Zutat hat eine präzise Funktion — keine ist dekorativ. Fischsauce ist das Rückgrat. Sie liefert Glutamat und Inosinat gleichzeitig, eine Kombination, die Umami synergistisch verstärkt. Gleichzeitig ist sie salzig genug, um als Brine zu wirken: Das Salz denaturiert oberflächliche Proteine leicht, öffnet die Muskelstruktur und ermöglicht tieferes Eindringen der Aromastoffe. Mindestens 4 Stunden marinieren, besser über Nacht. Zitronengras enthält Citral als Hauptaromastoff — ein Terpen, das hitzebeständiger ist als die meisten ätherischen Öle. Es übersteht den Grillprozess besser als frische Kräuter und gibt dem Hähnchen seine charakteristische, leicht zitrusartige Tiefe ohne Säure. Wichtig: Nur die unteren 10–12 cm des Stängels verwenden, die äußeren Blätter entfernen, dann fein hacken oder im Mörser aufschließen. Ganze Stücke geben kaum Aroma ab. Korianderwurzel — in Deutschland oft ignoriert, in Thailand unverzichtbar — enthält eine höhere Konzentration an Decanal und anderen Aldehyden als die Blätter. Das Aroma ist erdiger, intensiver, weniger flüchtig. Wer keine Wurzeln bekommt: Korianderstiele als Kompromiss, niemals nur Blätter. Palmzucker karamellisiert bei direkter Hitze schneller als Rohrzucker (niedrigerer Schmelzpunkt, mehr Fructose). Das ist kein Zufall — es erzeugt die charakteristische, leicht verbrannte Süße der Bark, ohne zu verbrennen, wenn die Temperatur stimmt. § Indirektes Garen + direkter Finish: Warum diese Reihenfolge entscheidend ist: Gai Yang wird traditionell über Holzkohle gegrillt — langsam, mit viel Rauch, bei moderater Hitze. Das ist kein Zufall, sondern Erfahrungswissen, das sich mit moderner Grillwissenschaft deckt.
Ganze Dorade in der Fischzange grillen; Rezept; Dorade; Mittel; Dorade grillen, Fischzange Grill, Ganze Fische grillen, Mittelmeer Fisch, Direkt grillen Fisch; Steakakademie-Rezept: /rezepte/fisch/ganze-dorade-grill; Knusprige Mittelmeer-Dorade mit Zitrone und Rosmarin. Perfekt gegrillt in 12–16 Minuten. Schritt-für-Schritt Anleitung für saftiges Fleisch und blasiger Haut. Basis: 2 Personen (Mengen linear pro Person umrechenbar). Methode: Direkt in der Fischzange. Gesamtzeit: 31 Min. Zutaten (für 2 Personen): 1 Stück Dorade (ausgenommen, 800–1000g) (Frisch vom Fischhändler), 1 Zitrone In dünne Scheiben geschnitten, 3 Zweige Frischer Rosmarin, 4 Zehen Knoblauch (Leicht gequetscht), 4 EL Natives Olivenöl extra, 2 TL Meersalz (Grobes Kristallsalz), 1 Prise Schwarzer Pfeffer (Frisch gemahlen). Die Dorade ist der ehrlichste Test für einen Grillmeister: kein Rub, der Fehler kaschiert, keine Sauce, die rettet. Nur Feuer, Fisch und Technik. Wer eine ganze Goldbrasse richtig grillt, versteht, warum dieses Gericht seit Jahrtausenden an Mittelmeerküsten zelebriert wird. § Warum ganze Fische besser schmecken als Filets: Das Grillen am Knochen ist keine Romantik — es ist Physik. Knochen und Gräten leiten Hitze langsamer als Muskelfleisch. Das bedeutet: Das Fleisch direkt am Grat gart sanfter und bleibt saftiger als bei einem Filet, das von beiden Seiten direkter Hitze ausgesetzt ist. Gleichzeitig fungiert die Haut als natürliche Schutzschicht. Sie isoliert, sie gibt Fett ab, sie karamellisiert. Die Einschnitte in die Haut — schräg, etwa 2–3 cm tief, im Abstand von 3–4 cm — sind kein ästhetisches Detail. Sie erfüllen drei Funktionen: Erstens verkürzen sie die Garzeit im dicksten Teil des Fisches, weil Hitze direkt ins Fleisch eindringen kann. Zweitens verhindern sie, dass sich die Haut beim Grillen zusammenzieht und der Fisch sich wölbt. Drittens schaffen sie Oberfläche — und Oberfläche bedeutet Maillard-Reaktion, bedeutet Röstaromen, bedeutet Geschmack. Die Füllung aus Zitronenscheiben, Rosmarin und Knoblauch in der Bauchhöhle ist kein Stuffing im klassischen Sinne. Der Fisch nimmt diese Aromen nicht tief auf. Was passiert: Die Hitze treibt ätherische Öle aus dem Rosmarin und Zitrusverbindungen aus der Schale — sie aromatisieren den Dampf, der im Inneren des Fisches zirkuliert. Subtil, aber messbar im Geschmack. § Die Fischzange: Warum dieses Equipment entscheidend ist: Eine Fischzange ist kein Luxus. Sie ist die Voraussetzung dafür, dass ein ganzer Fisch auf dem Grill überhaupt kontrollierbar bleibt. Ohne sie klebt die Haut am Rost, reißt beim Wenden, und der Fisch fällt auseinander — nicht weil die Technik falsch war, sondern weil das Werkzeug fehlte. Die Zange hält den Fisch in Form, ermöglicht sauberes Wenden in einer Bewegung und schützt die Haut. Wichtig: Die Zange vor dem Einsatz einölen und vorheizen. Eine kalte, trockene Zange klebt genauso wie ein kalter, trockener Rost. Temperatur und Abstand: Mittlere direkte Glut bedeutet etwa 180–200 °C auf Rosthöhe.
Ganze Makrele vom Grill – knusprige Haut, zartes Fleisch; Rezept; Makrele; Einfach; Makrele grillen, Fischzange Grill, Ganze Fische grillen, Nordsee Makrele, Direkte Grillmethode Fisch; Steakakademie-Rezept: /rezepte/fisch/ganze-makrele-grill; Ganze Makrele in der Fischzange gegrillt: knusprige Haut, saftiges Fleisch. Mittlere Glut, 4–5 Min. je Seite. Nordsee-Klassiker. Basis: 2 Personen (Mengen linear pro Person umrechenbar). Methode: Direkt in der Fischzange. Gesamtzeit: 25 Min. Zutaten (für 2 Personen): 2 Stück Ganze ausgenommene Makrelen (à 400–500g) (Frisch, Schuppen entfernt), 3 EL Olivenöl (Extra vergine), 1 Stück Zitrone (In Spalten geschnitten), 2 TL Meersalz (Grobes Kristallsalz), 1 TL Schwarzer Pfeffer (Frisch gemahlen), 4 Zweige Frischer Thymian oder Dill (Optional, ins Bauchinnere). Makrele ist der ehrlichste Fisch am Grill. Kein Verstecken hinter Marinaden, kein Kaschieren mit Butter — wer eine ganze Makrele richtig grillt, bekommt knusprige Haut, saftiges Fleisch und einen Geschmack, der nach Nordsee und offenem Feuer riecht. Wer sie falsch grillt, bekommt matschige Haut und trockenes Fleisch. Der Unterschied liegt im Verständnis des Fisches. § Warum Makrele am Stück — und warum Fett hier dein Freund ist: Makrele gehört zu den fettreichsten Speisefischen überhaupt. Der Fettgehalt liegt je nach Saison zwischen 10 und 25 Prozent — verteilt nicht als Marmorierung im Muskel wie beim Wagyu, sondern als intramuskuläres Fett in den charakteristischen dunklen Fleischstreifen entlang der Seitenlinie. Dieses Fett ist reich an Omega-3-Fettsäuren, hat einen niedrigen Schmelzpunkt und beginnt beim Grillen früh zu rendern. Das Ergebnis: Der Fisch bäscht sich quasi selbst von innen. Genau deshalb funktioniert die ganze Makrele am Grill besser als Filets. Die Haut schützt das Fleisch vor direkter Hitze, die Gräten leiten Wärme ins Innere, und das Fett hält die Struktur saftig, während die Oberfläche Maillard-Reaktionen durchläuft. Filets ohne Haut auf dem Rost? Fallen auseinander, trocknen aus, kleben fest. Ganze Makrele in der Fischzange? Kontrollierbar, robust, reproduzierbar. Die Einschnitte in die Haut sind kein Dekor. Makrelenfilets sind dick am Rücken, dünn am Bauch — ohne Einschnitte gart die Außenschicht durch, bevor die Wärme das Zentrum erreicht. Drei bis vier schräge Schnitte pro Seite, tief bis auf die Gräten, erhöhen die Oberfläche, beschleunigen den Wärmetransport und lassen Gewürze direkt ins Fleisch eindringen. Gleichzeitig verhindert das Einschneiden, dass sich die Haut beim Grillen zusammenzieht und den Fisch verformt. § Equipment, Hitze und das richtige Timing: Die Fischzange ist kein optionales Zubehör — sie ist Voraussetzung. Makrele hat eine zarte Textur, die beim Wenden mit dem Pfannenwender oder Grillzange reißt. Eine gut geölte Fischzange hält den Fisch in Form, ermöglicht sauberes Wenden und verhindert, dass die knusprige Haut auf dem Rost bleibt. Vor dem Einlegen: Zange und Rost mit hitzebeständigem Öl einreiben, Fisch trocken tupfen, erst dann würzen.
Gegrillter Pfirsich mit Bourbon-Butter und Vanilleeis; Rezept; Pfirsich; Einfach; gegrillter Pfirsich, BBQ Dessert, Bourbon Butter, Pfirsich vom Grill, karamellisierter Pfirsich, Vanilleeis Grill, Sommerrezept BBQ; Steakakademie-Rezept: /rezepte/desserts/gegrillter-pfirsich-bourbon; Reife Pfirsiche auf dem Direktgrill karamellisiert, gefüllt mit Bourbon-Honig-Butter. Das perfekte BBQ-Dessert in 15 Minuten. Basis: 4 Personen (Mengen linear pro Person umrechenbar). Methode: Direktgrill. Gesamtzeit: 15 Min. Zutaten (für 4 Personen): 4 Stück reife Pfirsiche (Fest-reif, nicht zu weich — sonst zerfallen sie auf dem Rost), 50 g Butter (Ungesalzen, zimmerwarm), 40 ml Bourbon (z.B. Bulleit oder Woodford Reserve — kein billiger Blend), 2 EL Blütenhonig (Flüssig; Akazienhonig funktioniert besonders gut), 0.5 TL Zimt (Gemahlen), 1 Prise Fleur de Sel (Zum Finishen — hebt die Süße), 4 Kugeln Vanilleeis (Gutes Qualitätseis mit echter Vanille). Der Grill ist noch heiß, die Gäste sind satt — und genau jetzt kommt der Moment, der ein gutes BBQ von einem unvergesslichen trennt. Gegrillte Pfirsiche sind kein Kompromiss zwischen Dessert und Grill, sie sind der logische Abschluss: Frucht, Feuer, Fett, Alkohol. Vier Zutaten, eine Reaktion, null Aufwand. § Die Maillard-Reaktion trifft Karamellisierung — was auf dem Rost wirklich passiert: Pfirsiche bestehen zu etwa 10–12 % aus Zucker, hauptsächlich Saccharose, Glucose und Fructose. Wenn die Schnittfläche auf den heißen Rost trifft, laufen zwei Prozesse parallel ab: Karamellisierung beginnt bei Saccharose ab ca. 160 °C. Die Zuckermoleküle brechen auf, polymerisieren neu und erzeugen die charakteristischen Röstaromen — nussig, leicht bitter, komplex. Auf einer gut vorgeheizten Grillzone erreichst du diese Temperaturen an der Fruchtoberfläche innerhalb von Sekunden. Maillard-Reaktion setzt voraus, dass Aminosäuren und reduzierende Zucker gleichzeitig vorhanden sind. Pfirsiche enthalten beides in ausreichender Menge. Das Ergebnis: die tiefen, fast fleischähnlichen Röstaromen, die einen gegrillten Pfirsich von einem rohen fundamental unterscheiden. Die Bourbon-Butter-Füllung in der Kernhöhle verstärkt diesen Effekt. Butter hat einen Rauchpunkt von ca. 150–175 °C (je nach Wassergehalt), karamellisiert aber durch ihren Milchzuckeranteil ebenfalls. Der Bourbon — typischerweise 40–50 % Alkohol — verdampft größtenteils, hinterlässt aber seine Vanillin-, Eichen- und Karamellnoten direkt in der Frucht. Honig als dritte Komponente liefert Fructose, die bei niedrigeren Temperaturen karamellisiert als Saccharose und damit schneller bräunt. Das Zusammenspiel: Die Höhle wird zur kleinen Aromabombe, die während der 5 Minuten auf dem Rost langsam in die Frucht einzieht. § Fruchtauswahl, Temperatur und das richtige Timing: Der Pfirsich entscheidet alles. Ein unreifer Pfirsich hat zu wenig Zucker, zu viel Stärke und zu viel Wasser. Er wird auf dem Grill matschig, nicht karamellisiert. Die Regel: Der Pfirsich muss auf leichten Druck am Stielansatz leicht nachgeben. Riecht er nicht, schmeckt er nicht.
Gegrillte Gemüsespieße mit Chimichurri; Rezept; Gemüse; Einfach; Gemüsespieße grillen, Grillbeilage vegan, Chimichurri Rezept, Direktgrill Gemüse; Steakakademie-Rezept: /rezepte/beilagen/gemuese-spiesse-grill; Mediterrane Gemüsespieße mit Paprika, Zucchini und Pilzen. Knusprig karamellisiert, innen bissfest. Perfekte vegane Grillbeilage. Basis: 4 Personen (Mengen linear pro Person umrechenbar). Methode: Direkt gegrillt. Gesamtzeit: 37 Min. Zutaten (für 4 Personen): 2 Stück Rote Paprika (in 3 cm Würfel), 2 Stück Gelbe Paprika (in 3 cm Würfel), 1 Stück Zucchini (in 3 cm Scheiben), 1 Stück Rote Zwiebel (in 3 cm Stücke), 250 g Champignons (ganz oder halbiert), 80 ml Olivenöl (extra vergine), 3 Zehen Knoblauch (fein gehackt), 2 TL Oregano (getrocknet), 1 TL Thymian (getrocknet), 1 TL Meersalz (grob), 1 TL Schwarzer Pfeffer (frisch gemahlen), 1 EL Zitronensaft (frisch gepresst). Gemüse auf dem Grill ist kein Kompromiss — es ist eine eigene Disziplin. Wer versteht, was auf molekularer Ebene passiert, wenn Paprika und Zucchini die direkte Hitze treffen, holt aus simplen Zutaten Ergebnisse, die jeden Fleischesser zum Nachdenken bringen. Das Chimichurri ist dabei kein Dressing — es ist der Kontrapunkt, der das Gericht erst vollständig macht. § Maillard-Reaktion vs. Karamellisierung: Was wirklich passiert: Gemüse enthält kaum Proteine, dafür reichlich Zucker. Das bedeutet: Die dominante Bräunungsreaktion am Grill ist nicht die Maillard-Reaktion (die braucht Aminosäuren + Zucker), sondern Karamellisierung — die thermische Zersetzung von Sacchariden ab etwa 160 °C. Paprika und Zucchini haben einen natürlichen Zuckergehalt, der unter direkter Hitze konzentriert wird, sobald Oberflächenwasser verdampft. Das Ziel: Blistered Edges — also jene leicht verkohlten, blasigen Stellen an den Kanten, wo die Temperatur kurz über 200 °C steigt. Dort entstehen hunderte flüchtige Aromaverbindungen, darunter Furane und Pyrazine, die das typische „Grill-Aroma" erzeugen. Innen soll das Gemüse bissfest bleiben — das bedeutet, die Pektinstruktur der Zellwände darf nicht vollständig kollabieren. Pektin beginnt sich ab ca. 85 °C aufzulösen. Kurze, heiße Exposition ist also die Strategie: hohe Oberflächentemperatur, minimale Kerntemperaturzeit. Die Olivenöl-Kräutermarinade erfüllt zwei Funktionen: Öl leitet Wärme effizienter als Luft und fördert gleichmäßige Bräunung. Gleichzeitig löst es fettlösliche Aromastoffe aus den Kräutern (Thymian, Oregano, Rosmarin) und überträgt sie auf die Gemüseoberfläche. Wichtig: Marinierzeit maximal 30–60 Minuten. Länger, und Salz entzieht dem Gemüse Wasser — die Oberfläche wird feucht, der Sear leidet. § Schnittgröße, Spießtechnik und Hitzezone: Gleichmäßige Stücke sind keine Ästhetik — sie sind Physik. Unterschiedliche Größen bedeuten unterschiedliche Garzeiten. Auf einem Spieß ist das fatal: Während die Champignons perfekt sind, ist die Paprika noch roh, oder die Zucchini bereits matschig. Zielgröße: 3–4 cm Kantenlänge für alle Komponenten.
Grüner Spargel vom Grill mit Parmesan; Rezept; Grüner Spargel; Einfach; Grüner Spargel grillen, Grillbeilage Spargel, Mediterrane Grillrezepte, Spargel Grillstreifen; Steakakademie-Rezept: /rezepte/beilagen/gruener-spargel-grill; Knuspriger Grillspargel mit dunklen Röststreifen, Parmesan-Spänen und Zitrone. Mediterrane Beilage in 10 Minuten. Basis: 4 Personen (Mengen linear pro Person umrechenbar). Methode: Direkt, quer zum Rost. Gesamtzeit: 11 Min. Zutaten (für 4 Personen): 800 g Grüner Spargel (frisch, holzige Enden entfernt), 4 EL Olivenöl (extra vergine), 2 TL Meersalz-Flocken (Fleur de Sel bevorzugt), 40 g Parmesan (in Spänen), 1 Stück Zitrone (zum Auspressen). Grüner Spargel gehört zu den wenigen Gemüsen, die auf dem Grill nicht nur funktionieren — sie werden dort besser als in jeder Pfanne. Die Maillard-Reaktion, die sonst Steaks ihre Kruste gibt, verwandelt die natürlichen Zucker des Spargels in komplexe Röstaromen, die mit Parmesan und Zitrone eine Kombination ergeben, die mediterrane Einfachheit auf den Punkt bringt. --- § Was auf dem Rost wirklich passiert: Zucker, Wasser, Hitze: Grüner Spargel besteht zu etwa 93 % aus Wasser. Das klingt nach einem Problem — ist es aber nicht, wenn man die Hitze richtig einsetzt. Bei direkter, hoher Hitze (250–280 °C Rosttemperatur) verdampft das Oberflächenwasser so schnell, dass die äußere Zellschicht austrocknet und karamellisiert, bevor das Innere weich wird. Das Ergebnis: dunkle Grillstreifen mit leichter Bitterkeit, ein bissfestes Inneres mit natürlicher Süße. Der entscheidende Faktor ist das Olivenöl. Es dient nicht nur als Antihaft-Schutz — es erhöht den Wärmeübergang zwischen Rost und Stange erheblich. Öl leitet Wärme besser als Luft, was bedeutet, dass die Kontaktfläche schneller und gleichmäßiger Farbe zieht. Gleichzeitig senkt Olivenöl den Wasseraktivitätswert an der Oberfläche leicht, was die Maillard-Reaktion begünstigt. Die Spitzen sind das kritische Element. Sie haben weniger Masse, weniger Wassergehalt und reagieren schneller auf Hitze. Ziel ist eine leicht knusprige, fast frittierte Textur — nicht verbrannt, sondern kontrolliert dehydriert. Wer die Spitzen zur heißesten Zone des Grills legt, riskiert Asche. Wer sie zur kühleren Seite dreht, bekommt weiches Grün ohne Charakter. Die Lösung: Stangen quer über den Rost legen, Spitzen leicht zur indirekten Zone versetzt. --- § Setup, Timing und das richtige Equipment: Für Spargel vom Grill braucht man keine Spezialausrüstung — aber man muss das Setup verstehen. Grill: Ob Kugelgrill, Gasgrill oder Keramikgrill ist zweitrangig. Entscheidend ist eine saubere, heiße Roststabfläche. Schmutzige Roste kleben. Kalte Roste kleben ebenfalls. Den Rost mindestens 10 Minuten vorheizen, dann mit einer Drahtbürste reinigen und mit einem ölgetränkten Tuch einreiben. Rostabstand: Gusseiserne Roste speichern mehr Wärme und geben intensivere Grillstreifen.
Guinness-Sauce – dunkle Biersauce zu Roastbeef und Rind; Rezept; Sauce; Einfach; Guinness Sauce, Biersauce Rezept, Sauce zu Roastbeef, Stout Sauce, BBQ Sauce dunkel; Steakakademie-Rezept: /rezepte/saucen-rubs/guinness-sauce; Dunkle Sauce aus Guinness, karamellisierten Schalotten, Tomatenmark, Worcestershire und Sternanis, zweifach reduziert. Malzige Rösttiefe, die zu Roastbeef, Steak und Short Ribs steht wie keine zweite. Basis: 4 Personen (Mengen linear pro Person umrechenbar). Methode: Reduzieren, Topf oder Seitenkocher. Gesamtzeit: 45 Min. Zutaten (für 4 Personen): 1 EL Butterschmalz (oder neutrales Öl), 3 Stück Schalotten (mit der Faser in Streifen), 2 Zehen Knoblauch (in dünnen Scheiben), 1 EL Tomatenmark, 2 EL Brauner Zucker, 2 EL Worcestershiresauce, 330 ml Guinness (oder anderes Stout — 1 Dose/Flasche), 1 Stück Sternanis, 200 ml Rinderfond, 1 Prise Salz und Pfeffer. Irisches Roastbeef und irisches Bier gehören auf denselben Teller — das ist keine Folklore, sondern Aromenlogik. Ein Stout wie Guinness wird aus stark gerösteter Gerste gebraut, und diese Röstung erzeugt dieselben Aromafamilien wie die Kruste eines Bratens: Röstmalz trifft Maillard-Kruste, dunkel auf dunkel. Diese Sauce destilliert das Prinzip in 45 Minuten. § Warum Stout — und kein anderes Bier: Helles Bier verkocht zu einer sauer-bitteren Enttäuschung; Stout ist die Ausnahme unter den Bieren, die Reduktion belohnt. Seine Röstmalze bringen Kaffee-, Kakao- und Brotkrusten-Noten mit — Verwandte der Röst-Pyrazine, die auch unsere Espresso-BBQ-Sauce nutzt. Beim Einkochen konzentrieren sich diese Aromen, während der karamellisierte Zucker und das geröstete Tomatenmark die verbleibende Hopfenbitterkeit ausbalancieren. Der Sternanis ist der leise Trick aus der Profiküche: Sein Anethol verstärkt Fleisch- und Röstnoten, ohne selbst erkennbar zu sein — eine Technik, die auch in französischen Jus-Küchen für Rind Standard ist. § Die Doppel-Reduktion: Die Sauce wird zweimal eingekocht, und die Reihenfolge ist der Punkt: Erst das Bier allein — so verkocht der Alkohol vollständig und das Malz konzentriert sich, ohne dass der Fond mitleidet. Dann der Fond — er bringt Körper, Gelatine und Fleischtiefe und bindet die Sauce auf natürliche Weise leicht sämig, ganz ohne Stärke. Wer beides gleichzeitig einkocht, bekommt entweder zu bitteres Bier oder zu dünnen Fond. § Wozu sie passt: Der klassische Partner ist Roastbeef — dünn aufgeschnitten, Sauce à part. Genauso stark: Short Ribs, Brisket, Rinderhüfte oder ein einfaches Rumpsteak. Und ein Löffel davon adelt jeden Wine Dog zur Stout-Variante. § Häufige Fehler: Mit hellem Bier probiert. Pils und Helles reduzieren zu purer Bitterkeit. Stout oder Porter — die Röstung ist die Zutat. Zucker weggelassen. Ohne das Karamell-Gegengewicht dominiert die Hopfenbitterkeit. Die 2 EL sind Statik, nicht Süßigkeit. Auf einmal reduziert. Bier und Fond brauchen getrennte Konzentrationsrunden. Die Reihenfolge ist das Rezept.
Iberico-Carrillera: Spanisches Schweinebaeckchen im Rotwein-Fond; Rezept; Carrillera; Fortgeschritten; Iberico-Carrillera, Schweinebaeckchen schmoren, Spanisches Schmorrezept, Niedrigtemperatur-Garen; Steakakademie-Rezept: /rezepte/fleisch/iberico-carrillera; Zartes Iberico-Schweinebaeckchen geschmort in Rotwein und Rindfond. Niedrigtemperatur-Klassiker mit intensivem Umami und zerfallender Textur. Basis: 4 Personen (Mengen linear pro Person umrechenbar). Methode: Geschmort. Gesamtzeit: 390 Min. Zutaten (für 4 Personen): 1200 g Iberico-Carrillera (Schweinebaeckchen), pariert (Idealerweise vom Iberico-Schwein, nicht vom Standard-Schwein), 750 ml trockener Rotwein (Rioja oder ähnlich strukturiert), 500 ml Rindfond (Hausgemacht oder hochwertig), 2 Stück Karotten, grob gehackt, 2 Stück Selleriestangen, grob gehackt, 1 Stück Zwiebel, halbiert, 4 Zehen Knoblauch, ungeschaelt, 3 Stück Lorbeerblatt, 4 Zweige Thymian, 2 TL Meersalz, 1 TL schwarzer Pfeffer, frisch gemahlen, 2 EL Olivenoel, hochwertig, 1 EL Tomatenmark. Die Carrillera ist Spaniens best gehütetes Geheimnis unter den Schmorcuts — ein Muskel, der ein Leben lang arbeitet, so viel Kollagen ansammelt wie kaum ein anderes Stück, und beim langsamen Schmoren in Rotwein zu einer Textur kollabiert, die zwischen Zartheit und Substanz keine Kompromisse macht. Iberico-Qualität macht den Unterschied: Das intramuskuläre Fett dieser Rasse ist anders zusammengesetzt, reicher an Ölsäure, und gibt dem Fond eine Tiefe, die mit konventionellem Schwein schlicht nicht erreichbar ist. --- § Warum die Carrillera der perfekte Schmorcut ist: Das Backenmuskelfleisch — anatomisch der Musculus masseter — gehört zu den am stärksten beanspruchten Muskeln im Körper eines Schweins. Kauen ist Dauerarbeit. Das Ergebnis: extrem dichtes, von Bindegewebe durchzogenes Fleisch mit einem Kollagengehalt, der beim Schmoren vollständig zu Gelatine hydrolysiert. Genau das ist der Kern des Prozesses. Kollagen beginnt bei etwa 70–75 °C zu denaturieren, aber die vollständige Umwandlung zu Gelatine braucht Zeit — und zwar bei Temperaturen zwischen 80 und 90 °C über mehrere Stunden. Zu heiß, zu schnell: Das Kollagen zieht sich zusammen, bevor es sich auflösen kann, das Fleisch wird trocken und faserig. Zu niedrig: Die Umwandlung findet nie vollständig statt, die Textur bleibt zäh. Der Rotwein-Fond ist dabei kein Geschmacksgimmick. Die Säure des Weins — Weinsäure, Apfelsäure — greift aktiv in die Proteinstruktur ein und beschleunigt die Denaturierung. Gleichzeitig liefern die Tannine Bitterkeit, die durch die Reduktion und das Fett der Iberico-Backen in Umami umgewandelt wird. Ein trockener, tanninreicher Spanier — Tempranillo, Garnacha — ist hier keine Empfehlung, sondern Pflicht. --- § Technik: Niedrig, langsam, kontrolliert: Der klassische spanische Ansatz — carrilleras al vino tinto — wird im Schmortopf auf dem Herd oder im Ofen bei 150–160 °C Umluft gegart.
Iberico Pluma: Spanisches Edelstück heiß und kurz grillen; Rezept; Pluma; Mittel; Iberico Pluma grillen, Spanisches Steak, Hochtemperatur-Grillen, Iberico-Fleisch; Steakakademie-Rezept: /rezepte/fleisch/iberico-pluma; Iberico Pluma perfekt grillen: Hochtemperatur-Methode für zartes, saftiges Fleisch. Minimal würzen, Maximum Geschmack. Spanische Grillkunst. Basis: 2 Personen (Mengen linear pro Person umrechenbar). Methode: Heiß, kurz. Gesamtzeit: 23 Min. Zutaten (für 2 Personen): 2 Stück Iberico Pluma à 200-250g (Zimmertemperatur vor dem Grillen), 2 Prisen Fleur de Sel oder Meersalz (Grobes Kristallsalz), 1 Prise Schwarzer Pfeffer (Frisch gemahlen), 30 ml Natives Olivenöl Extra (Spanisches Öl bevorzugt), 1 Stück Zitrone (Zum Beträufeln nach dem Grillen). Die Pluma ist der heimliche Star der iberischen Schweineschlachtung — ein kleines, federförmiges Muskelstück vom Nackenende des Rückens, das in Spanien seit Jahrhunderten als Delikatesse gilt und außerhalb der Halbinsel kaum jemand kennt. Wer einmal echtes Ibérico-Schwein gegessen hat, versteht sofort, warum: Das intramuskuläre Fett dieser Tiere, aufgezogen auf Eicheln und Kräuterwiesen der Dehesa, schmeckt nussig, komplex, fast wie ein gutes Olivenöl — und die Pluma trägt diesen Charakter konzentrierter als fast jeder andere Cut. --- § Warum die Pluma anders ist: Fett, Rasse und Terroir: Ibérico-Schweine sind genetisch darauf ausgelegt, Fett intramuskulär einzulagern — ähnlich wie Wagyu-Rinder, aber mit einem entscheidenden Unterschied: Das Fett besteht zu einem außergewöhnlich hohen Anteil aus einfach ungesättigten Fettsäuren, insbesondere Ölsäure. Das ist dieselbe Fettsäure, die Olivenöl seinen Ruf verdankt. Tiere der höchsten Qualitätsstufe — Jamón Ibérico de Bellota — fressen in der Montanera-Saison täglich bis zu zehn Kilogramm Eicheln. Diese Eicheln sind reich an Ölsäure, und das Schwein lagert sie direkt ins Muskelgewebe ein. Das Ergebnis ist ein Fleisch mit einem Schmelzpunkt des Fetts, der deutlich unter dem von konventionellem Schweinefleisch liegt. Schon bei Temperaturen um 35–40 °C beginnt das intramuskuläre Fett zu verflüssigen. Das bedeutet für den Grillprozess: Zu lange Hitze, und das Fett ist weg — ausgetreten, verbrannt, verloren. Die Pluma verlangt deshalb nach einem kurzen, brutalen Sear bei hoher Oberhitze und einem Kerntemperaturziel, das für Schweinefleisch ungewohnt niedrig klingt. Die Pluma selbst wiegt typischerweise zwischen 150 und 250 Gramm und ist flach, leicht keilförmig — daher der Name, spanisch für "Feder". Die Faserstruktur ist fein, die Textur bei richtiger Zubereitung seidig und saftig. Kein anderer Schweine-Cut verhält sich am Grill so ähnlich wie ein gutes Rinderfilet. --- § Temperatur, Timing und das richtige Equipment: Die Pluma will direkte, extreme Hitze — mindestens 300 °C Rosttemperatur, besser mehr. Ein Gasgrill auf voller Stufe, ein gut durchgeglühter Holzkohlegrill mit frischer Lage Briketts oder ein Oberhitzegrill (Beefer, Josper-Klon) sind die richtigen Werkzeuge.
Iberico Presa — Spanischer Premium-Cut vom Grill; Rezept; Presa; Mittel; Iberico Presa grillen, Spanischer Premium-Cut, Direkt grillen Fleisch, Presa Gastronomie, Hochtemperatur Grill; Steakakademie-Rezept: /rezepte/fleisch/iberico-presa; Iberico Presa perfekt gegrillt: Heiß angrillt, kurz geruht, medium. Spanischer Klassiker mit feiner Marmorierung und intensivem Fleischaroma. Basis: 2 Personen (Mengen linear pro Person umrechenbar). Methode: Direkt + Ruhen. Gesamtzeit: 27 Min. Zutaten (für 2 Personen): 600 g Iberico Presa (Schultermuskel, 4–5 cm dick) (Zimmertemperatur vor dem Grillen), 8 g Fleur de Sel oder grobes Meersalz (Erst nach dem Grillen), 3 g Schwarzer Pfeffer (frisch gemahlen) (Optional, sparsam), 15 ml Olivenöl (extra vergine) (Zum Ölen des Grillrosts), 1 Prise Smoked Paprika (optional) (Für subtile Rauchnote). Die Presa ist der Cut, der Iberico-Kenner von Iberico-Einsteigern trennt. Während alle Welt über Secreto und Pluma redet, schlummert dieses Schultermuskelstück im Schatten — zu Unrecht, denn die Presa vereint intensive Nussigkeit, außergewöhnliche Marmorierung und eine Textur, die sich am Grill völlig anders verhält als jeder andere Schweinefleisch-Cut. Wer sie einmal richtig gegrillt hat, versteht, warum spanische Metzger sie für sich behalten. --- § Warum Iberico-Fett alles verändert: Der entscheidende Unterschied beginnt nicht am Grill, sondern in der Eichelmast. Iberico-Schweine der höchsten Kategorie — Bellota — fressen in der Montanera-Saison täglich bis zu 10 kg Eicheln. Diese Eicheln sind reich an Ölsäure, derselben einfach ungesättigten Fettsäure, die Olivenöl seinen Ruf verdankt. Das Ergebnis: Das intramuskuläre Fett der Presa hat einen Schmelzpunkt, der deutlich unter dem von konventionellem Schweinefett liegt — rund 25–28 °C statt 35–40 °C. Was bedeutet das praktisch? Das Fett beginnt bereits beim Angrillen zu schmelzen und verteilt sich durch die Muskelfasern, bevor die Kerntemperatur kritische Werte erreicht. Die Presa bleibt saftig, selbst wenn du sie auf medium (62–65 °C Kerntemperatur) ziehst — ein Bereich, bei dem konventionelles Schweinefleisch längst trocken wäre. Hinzu kommt die intramuskuläre Fettstruktur: Die Presa sitzt im vorderen Schulterbereich (zwischen Nacken und Schulterblatt), ein Muskel mit moderater Aktivität. Das bedeutet feine, gleichmäßige Marmorierung ohne grobe Fetteinlagerungen — vergleichbar mit einem gut marmorierten Ribeye, aber mit einem völlig anderen Fettsäureprofil. Der nussige, fast süßliche Eigengeschmack kommt aus der Kombination von Ölsäure-reichem Fett und dem hohen Anteil an Glutaminsäure im Muskelgewebe — ein natürlicher Umami-Verstärker, der durch Hitze noch intensiviert wird. Deshalb braucht die Presa keine komplexe Marinade. Salz, Hitze, Ruhe — das ist das Rezept. --- § Grillsetup und Temperaturführung: Zweizonen-Methode mit Fokus auf den Sear: Die Presa ist typischerweise 300–500 g schwer und 3–5 cm dick.
Iberico Secreto: Spanisches Schwein perfekt gegrillt; Rezept; Secreto; Mittel; Iberico Secreto grillen, Spanisches Schwein Grill, Secreto Fleisch Temperatur, Hochmarmoriertes Schweinefleisch; Steakakademie-Rezept: /rezepte/fleisch/iberico-secreto; Das versteckte Secreto vom Iberico-Schwein: hochmarmoriert, kurz und heiß gegrillt. Spanische Grillkunst auf dem Punkt. Basis: 2 Personen (Mengen linear pro Person umrechenbar). Methode: Heiß direkt. Gesamtzeit: 23 Min. Zutaten (für 2 Personen): 2 Stück Iberico Secreto à 250-300g (Zimmertemperatur vor dem Grillen), 3 g Fleur de Sel (Grobes Meersalz), 1 g Schwarzer Pfeffer (Frisch gemahlen), 1 EL Olivenöl (Spanisches Olivenöl extra vergine), 1 Zehe Knoblauch (Optional, zum Abreiben). Das Secreto ist der bestgehütete Schnitt der iberischen Schweinezucht — versteckt zwischen Schulterblatt und Rückenspeck, kaum bekannt außerhalb Spaniens, und genau deshalb eines der aufregendsten Stücke, die du jemals auf dem Rost haben wirst. Extreme intramuskuläre Fetteinlagerung, eine Textur die an Wagyu erinnert, und ein nussig-intensiver Eigengeschmack, der von der Bellota-Eichelmast kommt. Wer diesen Schnitt durchgart, hat etwas Seltenes unwiederbringlich zerstört. § Herkunft und Anatomie: Warum das Secreto so besonders ist: Secreto bedeutet auf Spanisch schlicht „Geheimnis" — und der Name ist Programm. Der Schnitt liegt im vorderen Schulterbereich, eingeklemmt zwischen dem Rückenspeck (tocino) und der Schulter, und ist von außen nicht sichtbar. Metzger, die ihn kennen, legen ihn oft für sich selbst zurück. Das erklärt die historische Seltenheit außerhalb der Iberia. Das Iberico-Schwein (Cerdo Ibérico) ist genetisch eine eigene Rasse — kein Vergleich mit konventionellen Mastschweinen. Die Fähigkeit, Fett tief ins Muskelgewebe einzulagern, ist genetisch verankert und wird durch die traditionelle Montanera-Mast auf Eicheln (bellotas) auf die Spitze getrieben. Ölsäure — dieselbe Fettsäure, die Olivenöl seinen Ruf verdankt — macht bis zu 55 % des Fettanteils aus. Das ist biochemisch relevant: Ölsäure hat einen niedrigeren Schmelzpunkt als gesättigte Fettsäuren. Das Fett beginnt bereits bei Körpertemperatur zu schmelzen, was die charakteristische Schmelztextur auf der Zunge erklärt. Der Muskel selbst ist wenig beansprucht, was ihn zart macht — aber er hat genug Struktur, um beim Grillen eine ordentliche Reaktion zu zeigen. Die Maillard-Reaktion läuft bei diesem Fettgehalt besonders intensiv ab: Das austretende Fett karamellisiert auf dem Rost, es entstehen komplexe Aromaverbindungen, die bei magerem Fleisch schlicht nicht möglich sind. § Grilltechnik: Direkte Hitze, kurz und konsequent: Das Secreto verlangt nach direkter, hoher Hitze — und nach Respekt vor dem Produkt. Kein Low & Slow, kein indirektes Garen, kein Sous-vide-Vorbehandlung. Der Schnitt ist typischerweise 1,5 bis 2,5 cm dick und unregelmäßig geformt, was die Herausforderung ausmacht. Zieltemperatur: 58–62 °C Kerntemperatur. Medium. Nicht verhandelbar.
Ikan Bakar Singapur – Grillfisch auf Bananenblatt; Rezept; Stingray/Snapper; Mittel; Ikan Bakar, Grillfisch, Sambal Belacan, Singapur Hawker, Bananenblatt grillen; Steakakademie-Rezept: /rezepte/fisch/ikan-bakar-singapur; Singapurs Klassiker: Rochen oder Snapper mit feurigem Sambal Belacan auf Bananenblatt gegrillt. Intensiv würzig, authentisch. Basis: 2 Personen (Mengen linear pro Person umrechenbar). Methode: Bananenblatt, direkt. Gesamtzeit: 40 Min. Zutaten (für 2 Personen): 800 g Stingray oder Red Snapper Filet (hautlos, ca. 2 cm dick), 4 EL Sambal Belacan (oder Sambal Oelek mit 1 TL Belacan gemischt), 3 Zehen Knoblauch (fein gehackt), 2 cm Galgant (gerieben), 2 EL Limettensaft (frisch gepresst), 1 TL Zucker (zum Ausgleich der Schärfe), 2 Blätter Bananenblatt (ca. 30x40 cm, leicht über Flamme erwärmt), 1 Prise Salz (nach Geschmack), 2 Stiele Frühlingszwiebel (in 5 cm Stücke). Singapurs Hawker Centres sind keine Touristenfallen – sie sind Kathedralen der Grillkultur. Ikan Bakar, wörtlich „gegrillter Fisch", ist dort kein Beiwerk, sondern das Hauptereignis: Fisch mit Sambal Belacan eingerieben, auf ein Bananenblatt gelegt, direkt über Kohle gegrillt, bis das Blatt schwarz wird und der Fisch darunter in seinem eigenen Saft gart. Das Ergebnis ist eine Kombination aus Rauch, Fermentation, Schärfe und Meeresfrische, die kein Ofen der Welt replizieren kann. § Die Chemie hinter dem Bananenblatt: Das Bananenblatt ist kein folkloristisches Accessoire. Es ist ein präzises Gartool mit drei Funktionen. Feuchtigkeitsmanagement: Das Blatt enthält erhebliche Mengen Wasser in seinen Zellstrukturen. Beim Erhitzen gibt es dieses Wasser kontrolliert ab – der Fisch gart in einer Dampfatmosphäre, während die Unterseite des Blatts verkohlt. Das verhindert das Austrocknen von Filets oder ganzen Fischen, die sonst bei direkter Hitze sofort Feuchtigkeit verlieren. Aromastransfer: Bananenblätter enthalten flüchtige Verbindungen – vor allem Polyphenole und chlorophyllgebundene Aromastoffe – die beim Erhitzen freigesetzt werden. Der Fisch nimmt ein subtiles, leicht grasiges, leicht süßliches Aroma auf. Es ist kein dominanter Geschmack, aber er rundet das aggressive Sambal ab. Thermische Pufferung: Das Blatt isoliert den Fisch von direkter Flamme. Die Hitze, die den Fisch erreicht, ist konvektive Strahlungshitze von den Seiten und oben – kombiniert mit dem Dampf von unten. Das ist näher an indirektem Grillen als an direktem Sear, obwohl das Blatt direkt auf dem Rost liegt. Zieltemperatur im Fischfleisch: 58–62 °C für Rochen, 60–65 °C für Snapper. Sambal Belacan – Fermentation als Geschmacksverstärker: Belacan ist fermentierte Garnelenpaste. Ihr Umami-Gehalt ist außergewöhnlich hoch – Glutamat und Inosinat arbeiten zusammen (synergistischer Umami-Effekt), was bedeutet: Die Kombination aus Belacan und frischem Fisch schmeckt intensiver als die Summe beider Teile.
Kansas City BBQ Sauce – Klassisch, rauchig, tiefsüß; Rezept; Sauce; Einfach; Kansas City BBQ Sauce, BBQ Sauce selber machen, Pulled Pork Sauce, Ribs Sauce, Chipotle BBQ Sauce, Liquid Smoke Sauce, amerikanische BBQ Sauce; Steakakademie-Rezept: /rezepte/saucen-rubs/kansas-city-bbq-sauce; Die echte Kansas City BBQ Sauce: Tomatenmark-Basis, Chipotle, Liquid Smoke. Perfekt für Ribs und Pulled Pork. In 20 Min. eingekocht, 4 Wochen haltbar. Basis: 8 Personen (Mengen linear pro Person umrechenbar). Methode: Einkochen. Gesamtzeit: 30 Min. Zutaten (für 8 Personen): 200 g Tomatenmark (Dreifach konzentriert – gibt Körper und Umami-Tiefe), 240 ml Ketchup (Basis für Süße und Bindung), 120 ml Apfelessig (Ungefiltert für fruchtige Säure), 100 g Brauner Zucker (Dunkel gepackt – Melasse-Anteil ist entscheidend für Karamelltiefe), 60 ml Worcestershire Sauce (Gibt fermentierte Umami-Komplexität), 2 TL Liquid Smoke (Hickory-Variante bevorzugen – sparsam dosieren), 2 Stück Chipotle-Chilis in Adobo-Sauce (Fein gehackt inkl. etwas Adobo-Sauce – Menge nach Schärfepräferenz), 1 TL Knoblauchpulver, 1 TL Zwiebelpulver, 1 TL Geräuchertes Paprikapulver (Smoked Paprika – verstärkt die Rauchtiefe), 0.5 TL Schwarzer Pfeffer (Frisch gemahlen), 1 TL Salz, 120 ml Wasser (Zum Anpassen der Konsistenz beim Einkochen). Kansas City steht für eine Sauce, die keine Entschuldigung braucht: süß, rauchig, dickflüssig – und kompromisslos. Während Carolina-Saucen mit Essig-Schärfe polarisieren und Texas-Pitmaster Sauce grundsätzlich ablehnen, hat sich der KC-Stil als der universelle BBQ-Nenner Nordamerikas durchgesetzt. Zu Recht. --- § Die Chemie hinter Farbe, Konsistenz und Geschmack: Kansas City Sauce ist keine simple Ketchup-Verlängerung. Die Basis aus Tomatenmark – nicht Ketchup, nicht passierten Tomaten – liefert konzentrierte Umami-Tiefe und eine natürliche Pektinstruktur, die beim Einkochen für Viskosität sorgt. Wer Ketchup nimmt, kauft sich Zucker und Essig ein, die er nicht kontrolliert. Tomatenmark gibt dir die Kontrolle zurück. Brauner Zucker ist hier kein Süßungsmittel, sondern ein Funktionsträger. Die Melasse-Anteile bringen Bitternoten und Komplexität, die weißer Zucker nie erreicht. Beim Einkochen karamellisiert ein Teil des Zuckers – das ist der Moment, in dem die Sauce ihre charakteristische Tiefbraune Farbe entwickelt und der Geschmack von "süß" zu "tiefsüß" kippt. Dieser Unterschied ist nicht semantisch, er ist chemisch: Karamellisierung erzeugt Hunderte von Aromaverbindungen, die roher Zucker nicht hat. Apfelessig übernimmt die Balance-Funktion. Ohne Säure kollabiert die Sauce in eindimensionale Süße. Der Essig hellt nicht nur den Geschmack auf – er verlängert auch die Haltbarkeit durch pH-Absenkung. Worcestershire liefert Fermentationstiefe: Tamarinde, Sardellen, Melasse in konzentrierter Form. Wer das weglässt, merkt es sofort. Liquid Smoke ist das kontroverseste Ingredient. Puristen lehnen ihn ab. Die Realität: Echter Rauch aus dem Smoker kondensiert auf der Sauce und gibt ihr Raucharomen – Liquid Smoke repliziert genau diesen Prozess, nur kontrollierter.
Köfte Mangal – Türkische Hackfleisch-Spieße vom Grill; Rezept; Rinderhack; Einfach; Köfte Mangal, Türkische Hackfleisch-Spieße, Grill-Rezept, Mangal-Grillen; Steakakademie-Rezept: /rezepte/fleisch/kofte-mangal; Würzige türkische Köfte vom Mangal: Rinderhack mit Pul Biber, Petersilie und Zwiebel. Authentisches Streetfood-Rezept für den Holzkohlegrill. Basis: 4 Personen (Mengen linear pro Person umrechenbar). Methode: Spieß, Mangal. Gesamtzeit: 37 Min. Zutaten (für 4 Personen): 600 g Rinderhack (fein gemahlenes Fleisch), 1 Stück Zwiebel, mittelgroß (fein gehackt), 30 g Petersilie, frisch (fein gehackt), 2 TL Pul Biber (türkisches Chili-Flockensalz), 1 TL Kreuzkümmel, gemahlen, 1 TL Salz, 1 TL schwarzer Pfeffer, 2 EL Olivenöl, 1 Prise Knoblauchpulver. Köfte Mangal ist keine Vereinfachung – es ist Destillation. Gewürztes Rinderhack, offenes Feuer, Metallspieß. Wer versteht, was dabei chemisch und handwerklich passiert, bekommt Ergebnisse, die jeden Döner-Stand in den Schatten stellen. --- § Die Maillard-Reaktion auf engstem Raum: Hackfleisch hat gegenüber einem ganzen Steak einen entscheidenden Vorteil: maximale Oberfläche. Jedes einzelne Fleischpartikel kann Röstaromen entwickeln. Der Nachteil: Diese Oberfläche verliert auch schneller Feuchtigkeit. Das Fenster zwischen perfekter Bark und trockenem Krümel ist schmal. Beim Mangal – dem traditionellen türkischen Holzkohlegrill, der im Wesentlichen eine längliche, flache Feuerschale ist – arbeitet man mit direkter Strahlungshitze von unten und den Seiten. Die Kohlen liegen nah am Grillgut, oft nur 10–15 cm Abstand. Das erzeugt Temperaturen an der Fleischoberfläche von 250–300 °C, während das Innere durch die geringe Masse der Köfte (typisch 80–120 g pro Stück) schnell auf Kerntemperatur kommt. Das Ziel: Kerntemperatur 72–75 °C, Oberfläche mit echter Röstung, kein Grau-Kochen. Das gelingt nur, wenn die Kohlen richtig durchgeglüht sind – weißgraue Asche, keine Flammen. Flammen bedeuten Fett-Verbrennung, bittere Pyrolyseprodukte, keine Maillard-Reaktion. Die Gewürze spielen dabei eine aktive Rolle. Pul Biber (türkische Chiliflocken, leicht ölig, mild-fruchtig) enthält Capsaicin und Carotinoide, die bei Hitze eigene Aromaverbindungen freisetzen. Kreuzkümmel liefert Pyrazine, die die Röstaromen des Fleisches verstärken. Die Zwiebel – fein gerieben, nicht gehackt – gibt Feuchtigkeit und Zucker ab, die die Maillard-Reaktion beschleunigen. --- § Bindung, Konsistenz, Spießtechnik: Der häufigste Fehler bei Köfte beginnt nicht am Grill, sondern in der Schüssel. Hackfleisch für Spieß-Köfte braucht keine Eier, keine Semmelbrösel. Was es braucht: Myosin-Aktivierung durch Kneten. Myosin ist das wichtigste Strukturprotein im Muskelgewebe. Wenn man Hackfleisch mit Salz intensiv knetet – mindestens 5–8 Minuten, bis die Masse klebrig-zäh wird – lösen sich Myosinfibrillen aus den Zellen und bilden ein Netzwerk. Dieses Netzwerk hält die Köfte auf dem Spieß, ohne dass sie beim Wenden auseinanderfallen.
Koreanisches Bulgogi – Hauchduennes Rind vom Tischgrill; Rezept; Rind (duenn); Einfach; Bulgogi Rezept, Koreanisches BBQ, Tischgrill Rind, Sojasauce Marinade, Asiatisches Fleisch; Steakakademie-Rezept: /rezepte/fleisch/korean-bbq-bulgogi; Authentisches Bulgogi mit Sojasauce, Birne und Sesam. Mariniert und in Sekunden gegrillt. Das koreanische BBQ-Klassiker-Rezept. Basis: 4 Personen (Mengen linear pro Person umrechenbar). Methode: Mariniert, Tischgrill. Gesamtzeit: 35 Min. Zutaten (für 4 Personen): 800 g Rinderlende oder Ribeye, hauchduen geschnitten (3-4 mm) (Tiefkuehlfleisch 30 Min. anfrieren, dann schneiden), 6 EL Sojasauce (hochwertig, kein Billigprodukt), 1 Birne mittelgross, gerieben (bindet Umami und Suesse), 3 EL Sesamoel (dunkles, getoastetes Oel), 2 Zähne Knoblauch, fein gehackt, 1 EL Zucker (brauner Zucker bevorzugt), 1 TL gemahlener schwarzer Pfeffer, 2 EL Sesamkoerner (zum Bestreuen), 1 Strauch Fruehlingslauch, in 5 cm Stücke (optional, zum Grillen). Bulgogi ist kein Trend. Es ist ein jahrtausendealtes Prinzip: maximaler Geschmack durch minimale Garzeit — und das funktioniert nur, wenn jede Variable stimmt. Hauchdinnes Fleisch, eine Marinade mit enzymatischer Tiefe, und Hitze, die in Sekunden arbeitet. Wer das einmal richtig gemacht hat, versteht, warum koreanische BBQ-Kultur weltweit Kultstatus genießt. --- § Die Biochemie hinter der Marinade: Die klassische Bulgogi-Marinade ist kein Zufallsprodukt. Jede Zutat hat eine Funktion — und das Zusammenspiel ist präzise Chemie. Sojasauce liefert Glutamat und Salz. Das Glutamat verstärkt den Umami-Charakter des Rindfleischs, das Salz beginnt sofort mit der Denaturierung der oberflächlichen Proteinstrukturen — die Marinade dringt tiefer ein. Asiatische Birne (배, Bae) ist der entscheidende Faktor, den die meisten unterschätzen. Koreanische oder Nashi-Birnen enthalten das Enzym Actinidin sowie weitere Proteasen, die Myosin-Ketten im Muskelgewebe aufbrechen. Das Ergebnis: Das Fleisch wird auf zellulärer Ebene zarter, ohne matschig zu werden — vorausgesetzt, die Marinierzeit bleibt kontrolliert. Mehr als 4–6 Stunden, und die Proteolyse geht zu weit. Das Fleisch verliert Struktur und Biss. Kiwi funktioniert ähnlich, ist aber aggressiver — hier reichen 30–45 Minuten. Sesamöl ist kein Aromastoff, sondern ein Emulgator. Es hilft, die wasserlöslichen Komponenten (Sojasauce, Birne) mit den fettlöslichen Aromastoffen zu verbinden und sorgt für eine gleichmäßige Haftung am Fleisch. Zucker oder Birnenfruchtzucker treibt die Maillard-Reaktion an. Bei den hohen Temperaturen des Tischgrills karamellisieren die Zucker in Sekunden — das erzeugt die charakteristischen dunklen, leicht knusprigen Ränder, die Bulgogi von schlichtem Pfannenfleisch unterscheiden. --- § Fleisch, Schnitt und Equipment — die Profi-Perspektive: Fleischauswahl: Traditionell wird Ribeye verwendet — der intramuskuläre Fettanteil (Marmorierung) ist entscheidend. Das Fett schmilzt bei den kurzen Garzeiten sofort und trägt Aroma.
Bayrischer Krustenbraten vom Grill; Rezept; Schweineschulter; Mittel; Krustenbraten Grill, Schweineschulter grillen, Bayrischer Krustenbraten, Indirekte Garmethode; Steakakademie-Rezept: /rezepte/fleisch/krustenbraten-grill; Schweineschulter mit Schwarte indirekt garen und am Ende knusprig aufpoppen. Das Original-Rezept für echte Kruste vom Grill. Basis: 8 Personen (Mengen linear pro Person umrechenbar). Methode: Indirekt + Kruste. Gesamtzeit: 390 Min. Zutaten (für 8 Personen): 2 kg Schweineschulter mit Schwarte (Fleischer-Qualität, nicht zu dünn geschnitten), 3 EL Meersalz (grobes Körner), 2 TL Schwarzer Pfeffer (frisch gemahlen), 1 TL Kümmel (ganz oder gemahlen), 2 EL Paprikapulver (edelsüss), 1 Stück Knoblauch (4 Zehen, gehackt), 250 ml Bier (helles Lagerbier für die Tropfschale). Der Krustenbraten ist bayerisches Kulturgut — und gleichzeitig eine der technisch anspruchsvollsten Aufgaben, die du einem Stück Schwein stellen kannst. Perfekte Kruste und saftiges Fleisch schließen sich scheinbar aus. Am Grill lassen sie sich trotzdem vereinen, wenn du verstehst, was in der Schwarte physikalisch passiert. --- § Die Physik der Kruste: Was in der Schwarte wirklich passiert: Schwarte ist kein Fett und kein Fleisch — sie ist Kollagen in Reinform, durchzogen von Bindegewebe und eingebettet in eine dichte Schicht aus Hautprotein. Damit sie aufpoppt, braucht sie zwei Dinge gleichzeitig: Hitze und Dampf von innen. Das Wasser im subkutanen Fettgewebe verdampft bei ausreichend hoher Temperatur schlagartig. Dieser Dampf dehnt sich aus und hat nur einen Weg: nach außen durch die Schwarte. Wenn die Oberfläche dabei trocken und heiß genug ist, bläst der Dampf die Proteinstruktur auf — das Ergebnis ist die charakteristische, blasige Kruste. Ist die Schwarte zu feucht, entweicht der Dampf einfach. Ist sie zu kalt, fehlt der Druckaufbau. Daraus folgt die wichtigste Regel: Die Schwarte muss vor dem Garen so trocken wie möglich sein. Mindestens 12 Stunden unabgedeckt im Kühlschrank, besser 24. Salz hilft dabei aktiv — es zieht zunächst Feuchtigkeit heraus (Osmose), die dann verdunstet und die Oberfläche noch trockener zurücklässt als zuvor. Das Einschneiden der Schwarte ist kein Dekor. Die Rautenmuster erhöhen die Oberfläche, schaffen Sollbruchstellen für den Dampf und erlauben dem Salz, tiefer einzudringen. Schneide bis knapp ins Fett, aber nicht ins Fleisch — sonst verlierst du Fleischsaft beim Garen. --- § Setup und Temperaturführung: Warum der Grill dem Ofen überlegen ist: Ein Backofen arbeitet mit Konvektion und Strahlungswärme von oben und unten. Ein Kugelgrill oder Keramikgrill kann dasselbe — aber er fügt eine dritte Variable hinzu: Rauch. Selbst eine kleine Menge Buchenholz oder Erle gibt dem Krustenbraten eine Tiefe, die kein Ofen replizieren kann. Das Setup: Indirektes Garen bei 150–160 °C für die ersten 2,5 bis 3 Stunden. Die Schulter liegt mit der Schwarte nach oben, damit das schmelzende Fett die Fleischfasern von innen begießt.
Ganze Lachsforelle vom Grill mit Chardonnay-Sabayone; Rezept; Lachsforelle; Fortgeschritten; Ganze Forelle grillen, Lachsforelle Grill, Sabayone Rezept, Fisch indirekt grillen, Weinschaumsauce; Steakakademie-Rezept: /rezepte/fisch/lachsforelle-sabayone; Ganze Lachsforelle stehend auf den Bauchlappen indirekt gegrillt — gleichmäßig gar bei 56 °C Kern — und dazu eine luftige Chardonnay-Sabayone. Der elegante Fisch-Hauptgang für Gäste. Basis: 4 Personen (Mengen linear pro Person umrechenbar). Methode: Indirekt, stehend auf Platte oder Brett. Gesamtzeit: 50 Min. Zutaten (für 4 Personen): 1 Stück Lachsforelle (ganz, küchenfertig, ca. 1,2–1,5 kg), 1 Stück Bio-Zitrone (in dicken Scheiben), 4 Zweige Thymian, 1 TL Meersalz (grob, plus Pfeffer), 150 ml Chardonnay (trocken — einer, den man auch trinkt), 1 Stück Schalotte (fein gewürfelt), 2 Stück Eigelb (plus 1 ganzes Ei), 1 TL Zucker, 1 Prise Cayennepfeffer. Ein ganzer Fisch, aufrecht stehend im Grill — das sieht nach Zirkustrick aus und ist in Wahrheit die logischste Art, eine Forelle zu garen. Dazu eine Sauce, die seit Jahrhunderten zur hohen Schule der Küche gehört und am Grill kaum jemand erwartet: die Sabayone. § Warum der Fisch steht: Liegt ein ganzer Fisch auf der Seite, gart er ungleich: Die Auflageseite bekommt Kontakthitze, die Oberseite nur Umluft — und beim Wenden reißt die Haut. Steht er dagegen auf den geöffneten Bauchlappen, umströmt die heiße Luft beide Filets identisch, wie bei einem Braten. Nichts muss gewendet werden, die Haut bleibt intakt, und die Bauchhöhle wirkt als Kamin, der Zitrone und Thymian von innen durch das Fleisch dampfen lässt. Die moderate Temperatur ist bewusst gewählt: Fischmuskulatur hat kaum Kollagen und keine Fehlertoleranz. Zwischen „glasig-saftig" (54–58 °C) und „trocken" (ab 62 °C) liegen wenige Grad — deshalb gehört der Fühler in die dickste Stelle und die Entscheidung ans Thermometer, nicht an die Uhr. § Die Sabayone: Schaum als Sauce: Eine Sabayone ist eine warm aufgeschlagene Emulsion aus Ei und Wein — das Prinzip hinter Zabaione und Sauce Hollandaise. Beim Schlagen über dem Wasserbad passieren zwei Dinge gleichzeitig: Die Eiproteine denaturieren langsam und bauen ein stabiles Netz, während der Schneebesen Luft einarbeitet. Das Ergebnis wiegt fast nichts, trägt aber die ganze Aromatik des reduzierten Chardonnay — Säure und Frucht, die zum feinen Fett der Lachsforelle stehen wie eine Beurre blanc, nur schwereloser. Die Reduktion vorab ist doppelt wichtig: Sie konzentriert das Weinaroma und verkocht den Alkohol, der sonst das Ei-Netz destabilisieren würde. Und die goldene Regel gilt immer: schlagen, nicht kochen. Wird die Masse heißer als etwa 70 °C, kippt die cremige Bindung in Rührei — dagegen hilft nur Aufmerksamkeit und gelegentliches Abheben vom Wasserbad. § Häufige Fehler: Nach Zeit statt Temperatur gegart. Eine 1,2-kg-Forelle und eine 1,5-kg-Forelle trennen zehn Minuten. Der Fühler entscheidet. Sabayone zu heiß geschlagen. Aus Schaum wird Rührei, und zwar unumkehrbar. Wasserbad simmert, kocht nie.
Lammkoteletts Braai – Südafrikanisch gegrillt; Rezept; Lammkoteletts; Mittel; Lammkoteletts grillen, Braai Rezept, Südafrika Grill, Direkt grillen Lamm; Steakakademie-Rezept: /rezepte/fleisch/lamb-chops-braai-sa; Lammkoteletts mit knuspriger Kruste und rosa Kern nach südafrikanischer Braai-Tradition. Direkt über heißer Glut gegrillt – minimal gewürzt, maximal Geschmack. Basis: 4 Personen (Mengen linear pro Person umrechenbar). Methode: Direkt, heiß. Gesamtzeit: 23 Min. Zutaten (für 4 Personen): 8 Stück Lammkoteletts (ca. 80–100 g pro Stück) (Zimmertemperatur vor dem Grillen), 2 TL Meersalz (Grobes Salz bevorzugt), 1 TL Schwarzer Pfeffer (Frisch gemahlen), 3 Zweige Frischer Rosmarin (Optional, aber authentisch), 2 EL Olivenöl (Zum Bürsten). Lammkoteletts über offener Glut – das ist Braai in seiner reinsten Form. Kein Schnickschnack, keine Marinaden, keine Ablenkung vom Wesentlichen: Feuer, Fleisch, Salz. Was südafrikanische Grillmeister seit Generationen wissen, entdecken ambitionierte BBQ-Köche hierzulande gerade erst – Lamm verträgt extreme Hitze und belohnt Präzision mit einer Kruste, die ihresgleichen sucht. § Die Maillard-Reaktion trifft auf Lammfett – warum Hitze hier alles entscheidet: Lammkoteletts haben gegenüber Rindfleisch einen entscheidenden Vorteil: ihr intramuskuläres Fett und das charakteristische Deckelchen aus Rückenfett schmelzen bei Hitze schnell an und werden zur Geschmacksbombe. Das Fett des Lamms enthält einen höheren Anteil an Branched-Chain-Fettsäuren – genau diese Verbindungen sind verantwortlich für das typische, leicht wildhafte Aroma, das Lammfleisch unverwechselbar macht. Wenn dieses Fett auf 180–220 °C trifft, passieren zwei Dinge gleichzeitig: Die Maillard-Reaktion setzt ein und erzeugt hunderte aromatische Verbindungen an der Oberfläche, während das Fett selbst karamellisiert und eine glasige, leicht knusprige Textur entwickelt. Das ist der Moment, auf den du hinarbeitest. Zu niedrige Temperatur bedeutet: das Fett rendert langsam, die Kruste bleibt blass, das Fleisch gart durch bevor die Oberfläche Farbe bekommt. Beim Braai arbeitet man traditionell mit Holzkohle oder – noch besser – echtem Holz. Hartholz wie Mopane oder Rooikrans, beides typisch südafrikanisch, gibt eine trockene, intensive Strahlungshitze ab, die mit Briketts nicht zu erreichen ist. In Deutschland funktioniert Buchenholzkohle oder Lump Charcoal aus Hartholz als solider Ersatz. Ziel ist eine Glutbetttemperatur, bei der du deine Hand auf Rosthöhe keine drei Sekunden halten kannst – das entspricht etwa 300–350 °C Oberflächentemperatur am Rost. § Equipment, Timing und die Kunst des richtigen Moments: Für authentischen Braai brauchst du keinen Deckel. Das ist kein Fehler – das ist Methode. Offenes Feuer, direkter Kontakt, keine Konvektion. Der Rost sollte aus massivem Gusseisen oder schwerem Stahl bestehen, damit er die Hitze speichert und beim Auflegen der Koteletts nicht sofort einbricht.
Lammhüfte im Gemüse-Rotweinsud – angegrillt, im Sud gezogen, in der Sauce serviert; Rezept; Lammhüfte; Fortgeschritten; Lammhüfte grillen, Lamm Rotweinsauce, Lamm rosa garen, Schmorsud Grill, Dutch Oven Lamm; Steakakademie-Rezept: /rezepte/fleisch/lammhuefte-rotweinsud; Die Hybrid-Technik: Lammhüften scharf angrillen, dann im Rotwein-Gemüsesud sanft auf 58 °C ziehen und tranchiert in der eingekochten Sauce servieren. Röstaroma plus Schmortiefe — ohne stundenlanges Schmoren. Basis: 4 Personen (Mengen linear pro Person umrechenbar). Methode: Direkt angrillen, dann im Sud ziehen. Gesamtzeit: 60 Min. Zutaten (für 4 Personen): 700 g Lammhüfte (2 Stück, pariert), 2 EL Olivenöl, 1 Stück Zwiebel (grob gewürfelt), 2 Stück Karotten (in Scheiben), 2 Stangen Staudensellerie (in Stücken), 2 Zehen Knoblauch (angedrückt), 1 EL Tomatenmark, 1 EL Brauner Zucker, 300 ml Rotwein (kräftig und trocken), 200 ml Geflügel- oder Lammfond, 1 EL Balsamico-Essig, 1 Stück Lorbeerblatt, 3 Zweige Thymian, 1 Prise Meersalz und Pfeffer (grob). Schmorgerichte haben Tiefe, Kurzgebratenes hat Biss — und normalerweise muss man sich entscheiden. Diese Technik aus der Kursküche weigert sich: Die Lammhüfte bekommt erst die Röstkruste vom offenen Feuer und zieht dann im Rotwein-Gemüsesud sanft zur rosa Kerntemperatur. Das Ergebnis isst sich wie ein Schmorgericht, das vergessen hat, zäh gewesen zu sein. § Warum die Hüfte das perfekte Stück dafür ist: Die Lammhüfte sitzt zwischen Keule und Rücken: aromatischer und günstiger als das Filet, aber zart genug, um rosa serviert zu werden — anders als die klassischen Schmorstücke Schulter oder Haxe, die Stunden für ihr Kollagen brauchen. Genau diese Zwischenstellung nutzt die Hybrid-Technik aus. Die Hüfte braucht keine lange Garzeit, profitiert aber enorm von einem aromatischen Garmedium. § Die Physik der zwei Phasen: Phase 1 — direkte Hitze: Über der Glut passiert in drei Minuten, was der Sud nie könnte: Maillard-Röstaromen auf der Oberfläche. Ein im Sud gegartes Stück ohne Angrillen bliebe blass und schmeckte gekocht. Phase 2 — der Sud: Flüssigkeit leitet Wärme viel gleichmäßiger als Grillluft und hält die Oberfläche feucht. Bei knapp unter dem Siedepunkt zieht die Hüfte kontrolliert Richtung 58 °C — und nimmt dabei Wein, Röstgemüse und Kräuter als Würze von außen an. Es ist dasselbe Prinzip wie beim Wine Dog, eine Etage feiner. Die Warnung aus jeder Kursküche gilt wörtlich: Dieses Gericht übergart schnell. Der Sud arbeitet effizienter als Luft, das Zeitfenster zwischen rosa und grau ist klein — der Thermometerfühler bleibt im Fleisch, von der ersten Minute an. Der letzte Kniff ist der eleganteste: Tranchiert wird vor dem Servieren, und die Scheiben kommen zurück in die inzwischen eingekochte Sauce. Jede Schnittfläche wird glasiert, nichts liegt trocken auf dem Teller — und der austretende Fleischsaft bindet sich in die Sauce statt aufs Schneidebrett. Dazu passt das Irische Buttermilchbrot zum Auftunken — und ein Glas vom selben Wein, der im Sud steckt. § Häufige Fehler: Sud kochen lassen.
Lammkarree grillen – Perfekt rosa mit Kräuterkruste; Rezept; Lammkarree; Mittel; Lammkarree grillen, Indirekte Garmethode, Sous-Vide-Grillen, Kräuterkruste Lamm, Festtags-Rezept; Steakakademie-Rezept: /rezepte/fleisch/lammkarree-grillen; Schottisches Lammkarree indirekt auf 56°C gegart, dann scharf angebraten. Mediterrane Kräuterkruste für Festtage. Schritt-für-Schritt-Anleitung. Basis: 4 Personen (Mengen linear pro Person umrechenbar). Methode: Indirekt + Sear. Gesamtzeit: 75 Min. Zutaten (für 4 Personen): 1 Stück Lammkarree (ca. 800–1000 g) (Fettdeckel intakt), 3 EL Olivenöl (hochwertig), 2 TL Meersalz (grobes Kristall), 1 TL schwarzer Pfeffer (frisch gemahlen), 2 Zehen Knoblauch (fein gehackt), 15 g frischer Rosmarin (gehackt), 15 g frischer Thymian (gehackt), 10 g frische Minze (gehackt), 1 TL Zitronenschale (abgerieben), 1 Prise Cayennepfeffer (optional). Das Lammkarree ist der Rolls-Royce unter den Grill-Cuts — optisch beeindruckend, geschmacklich komplex, und bei richtiger Technik in unter zwei Stunden auf dem Tisch. Schottisches Lamm bringt dabei eine Qualität mit, die den Unterschied zwischen einem guten und einem unvergesslichen Ergebnis ausmacht. Die Kombination aus zartem Fleisch, knusprigem Fettdeckel und mediterraner Kräuterkruste ist kein Kompromiss — sie ist Kalkül. § Warum schottisches Lammkarree eine andere Liga ist: Schottland produziert einige der besten Lammfleischqualitäten weltweit — und das hat strukturelle Gründe. Die Tiere weiden auf kargen Hochlandwiesen, fressen Heidekraut, Wildgräser und Kräuter. Das Ergebnis ist ein Fleisch mit ausgeprägtem, aber nie aufdringlichem Eigengeschmack, feiner Marmorierung und einer Fettstruktur, die beim Grillen aromatisch schmilzt statt ranzig zu werden. Verglichen mit neuseeländischem Lamm — dem Standardprodukt im deutschen Handel — ist schottisches Karree intensiver, nussiger, komplexer. Das Rack selbst besteht aus acht Rippen des Rückenbereichs, dem sogenannten Frenched Rack, bei dem die Rippenknochen freigeschabt sind. Der Fettdeckel auf der Fleischseite ist entscheidend: Er schützt das Fleisch während der indirekten Phase, rendert langsam aus und liefert die Basis für eine perfekte Kruste. Wer ihn komplett entfernt, verschenkt Geschmack und Saftigkeit. § Reverse Sear: Die einzig sinnvolle Methode für Lammkarree: Das Prinzip ist bekannt, die Anwendung beim Lammkarree hat aber spezifische Parameter. Ziel ist eine Kerntemperatur von 56 °C — das entspricht einem satten Rosa, das die Textur des Muskels optimal erhält. Lamm verzeiht wenig: Unter 52 °C bleibt das Fett wachsartig und unangenehm, über 62 °C wird das Fleisch trocken und verliert seinen charakteristischen Geschmack. Indirekte Phase: Den Grill auf 120–130 °C einregeln. Das Karree mit dem Fettdeckel nach oben auf die indirekte Zone legen. Bei dieser Temperatur dauert es 45–60 Minuten bis zur Zieltemperatur von 50–51 °C — das ist der Pull-Punkt, denn der Carryover beim anschließenden Sear bringt weitere 5–6 °C.
Lammkeule am Rotisserie-Spieß | Neuseeländer Klassiker; Rezept; Lammkeule; Fortgeschritten; Lammkeule Rotisserie, Drehspieß Lamm, Indirekte Garmethode, Neuseeland Lamm; Steakakademie-Rezept: /rezepte/fleisch/lammkeule-drehspiess; Ganze Lammkeule am Drehspieß: 70°C Kerntemperatur, durchgegart, knusprige Kruste, saftiges Fleisch. Schritt-für-Schritt Anleitung für perfekte Rotisserie. Basis: 8 Personen (Mengen linear pro Person umrechenbar). Methode: Rotisserie. Gesamtzeit: 130 Min. Zutaten (für 8 Personen): 1 Stück Lammkeule (2–2,5 kg, Knochen) (Zimmertemperatur vor Garen), 80 g Meersalz (Grobes Körnung), 15 g Schwarzer Pfeffer (Frisch gemahlen), 30 ml Olivenöl (Extra vergine), 4 Zehen Knoblauch (Gehackt), 20 g Rosmarin (Frische Zweige), 10 g Thymian (Frische Blätter), 5 g Paprikapulver (Edelsüss). Neuseeland produziert das beste Lamm der Welt — das ist keine Meinung, das ist Marktfaktum. Und die klassische Lammkeule am Rotisserie-Spieß ist der direkteste Weg, dieses Produkt auf seinen Kern zu reduzieren: gleichmäßige Hitze, rotierendes Fett, perfekte Kerntemperatur. Wer das einmal richtig gemacht hat, versteht, warum diese Zubereitungsmethode in Neuseeland zum nationalen Kulturerbe gehört. --- § Warum Rotation alles verändert: Die Physik hinter dem Spieß: Eine Lammkeule ist kein symmetrisches Stück Fleisch. Sie hat eine dickere Hüftseite, eine dünnere Unterschenkelseite, Knochen, der Wärme anders leitet als Muskelgewebe, und eine ungleichmäßige Fettverteilung. Wer diese Keule statisch in den Grill legt, kämpft permanent gegen diese Asymmetrie — und verliert meistens. Die Rotisserie löst dieses Problem elegant durch Physik. Das Fleisch dreht sich kontinuierlich durch die Hitzezone, was zwei entscheidende Effekte erzeugt: Selbst-Begießung durch Zentrifugalkraft: Das schmelzende Subkutanfett und die austretenden Fleischsäfte werden durch die Rotation gleichmäßig über die gesamte Oberfläche verteilt. Das Fleisch begießt sich buchstäblich selbst — kontinuierlich, ohne dass du eingreifen musst. Das Ergebnis ist eine Kruste, die gleichmäßig karamellisiert, ohne auszutrocknen. Thermische Gleichmäßigkeit: Durch die Rotation gibt es keine statische "heiße Seite" und keine "kalte Seite". Die Keule nimmt Wärme von allen Seiten gleichmäßig auf. Das bedeutet: kein Übergar-Ring an der Außenseite, während die Mitte noch roh ist. Der Temperaturgradient zwischen Kern und Rand bleibt minimal — ideal für das Ansteuern einer präzisen Kerntemperatur von 70°C (durchgegart). Bei 70°C Kerntemperatur ist die Keule durchgegart — der Wert, den die Steakakademie-Kerntemperatur-Referenz für eine durchgegarte Lammkeule nennt (70–75°C). Das Fleisch ist nicht mehr rosa; saftig bleibt es trotzdem, weil die Rotation das schmelzende Fett ständig über die Oberfläche verteilt. Genau deshalb zählt die präzise Messung: Über 75°C wird die magere Keule schnell trocken.
Lammkoteletts mediterran – Rosmarin & Knoblauch; Rezept; Lammkoteletts; Einfach; Lammkoteletts grillen, Mediterrane Grillrezepte, Rosmarin Knoblauch Marinade, Schnelle Grillrezepte; Steakakademie-Rezept: /rezepte/fleisch/lammkoteletts-mediterran; Saftige Lammkoteletts mit Rosmarin-Knoblauch-Marinade, 8 Min. Grillzeit. Klassisch schottisch, mediterran verfeinert. Basis: 4 Personen (Mengen linear pro Person umrechenbar). Methode: Direkt, kurz. Gesamtzeit: 23 Min. Zutaten (für 4 Personen): 8 Stück Lammkoteletts (à ca. 80g) (Zimmertemperatur vor dem Grillen), 100 ml Olivenöl (Extra vergine), 4 Zehen Knoblauch (Fein gehackt), 3 Zweige Frischer Rosmarin (Gehackt), 1 TL Meersalz (Grobes Salz), 1 TL Schwarzer Pfeffer (Frisch gemahlen), 1 Stück Zitrone (Zum Auspressen). Lammkoteletts vom schottischen Hochlandlamm gehören zu den intensivsten Grillerlebnissen, die vier Zutaten ermöglichen können. Das Fleisch bringt von Natur aus so viel Charakter mit, dass die Marinade keine Arbeit leisten muss – sie verstärkt nur, was ohnehin da ist. Wer das einmal verstanden hat, grillt Lamm nie wieder anders. § Warum schottisches Lamm eine andere Kategorie ist: Schottische Lämmer wachsen langsam. Regen, Wind, karges Grasland – die Tiere legen täglich weite Strecken zurück und fressen Gräser, Heidekraut und Wildkräuter, die in keinem Mastbetrieb vorkommen. Das Ergebnis ist intramuskuläres Fett mit einem Fettsäureprofil, das deutlich mehr konjugierte Linolsäure (CLA) und Omega-3-Fettsäuren enthält als Stalllamm aus konventioneller Haltung. Diese Fettsäuren sind nicht nur gesünder – sie schmecken anders. Nussiger, komplexer, mit einer leichten Wildheit, die beim Grillen durch die Maillard-Reaktion in etwas Außergewöhnliches transformiert wird. Das Kotelett selbst – ob Rib Chop oder Loin Chop – hat durch den hohen Knochenanteil einen weiteren Vorteil: Knochen leiten Hitze langsamer als Muskelfleisch. Das bedeutet, das Fleisch direkt am Knochen bleibt länger saftig, während die Außenseite bereits eine aggressive Kruste entwickelt. Physik, die für dich arbeitet. Der Fettrand ist kein Feind. Er ist der Geschmacksträger. Wer ihn wegschneidet, bevor er auf den Grill kommt, verliert genau die Aromen, die schottisches Lamm von allem anderen unterscheiden. § Marinade, Hitze und das richtige Timing: Rosmarin, Knoblauch, Olivenöl – das ist keine Vereinfachung, das ist Präzision. Rosmarin enthält Rosmarinsäure und Carnosol, beides starke Antioxidantien, die beim Hochtemperaturgrillen die Bildung heterozyklischer Amine (HCA) nachweislich reduzieren. Das ist kein Marketingargument – das ist Biochemie. Gleichzeitig verbrennt Rosmarin bei direkter Hitze schnell und wird bitter. Deshalb: Marinade vor dem Grillen grob abstreifen. Die Aromen sind bereits ins Fleisch eingezogen, die Kräuterreste auf der Oberfläche braucht es nicht mehr. Marinierzeit: 2 bis 4 Stunden im Kühlschrank. Länger bringt bei Lammkoteletts keinen Mehrwert – das Fleisch ist dünn, die Aromen penetrieren schnell.
Smoked Mac and Cheese: Käsesauce, Panko-Kruste, Hickory-Rauch; Rezept; Pasta; Mittel; smoked mac and cheese, mac and cheese smoker, käsesauce gusseisen, bbq beilage pasta, hickory rauch, panko kruste, cheddar gruyère sauce; Steakakademie-Rezept: /rezepte/beilagen/mac-and-cheese-smoker; Cremige Mehlschwitze, Cheddar & Gruyère, al-dente-Macaroni – 45 Min. im Smoker mit Hickory zur perfekten Beilage. Basis: 4 Personen (Mengen linear pro Person umrechenbar). Methode: Smoker. Gesamtzeit: 70 Min. Zutaten (für 4 Personen): 400 g Macaroni (al dente kochen – 2 Min. unter Packungsangabe), 40 g Butter (für die Mehlschwitze), 40 g Weizenmehl Type 405 (gesiebt, für gleichmäßige Bindung), 600 ml Vollmilch (zimmerwarm, verhindert Klumpenbildung), 200 ml Sahne (für Cremigkeit und Standfestigkeit im Smoker), 200 g Cheddar (reifer Cheddar, frisch gerieben – kein Fertigprodukt), 150 g Gruyère (frisch gerieben, gibt nussige Tiefe), 1 TL Dijon-Senf (verstärkt den Käsegeschmack ohne zu dominieren), 0.5 TL Cayennepfeffer, 1 TL Worcestershire-Sauce (Umami-Boost), 1 TL Salz (nach Geschmack anpassen), 0.5 TL frisch geriebene Muskatnuss (klassisch für Béchamel-Basis), 80 g Panko-Brösel (japanische Semmelbrösel für maximale Crunch-Kruste), 20 g Butter (geschmolzen, für die Panko-Kruste), 2 Stück Hickory-Chunks (nicht eingewässert – trockenes Holz erzeugt saubereren Rauch). Mac and Cheese ist Soulfood — aber die meisten Versionen bleiben weit unter ihrem Potenzial. Rauch, eine handgemachte Käsesauce und eine knusprige Panko-Kruste verwandeln dieses Gericht in etwas, das auf keiner BBQ-Tafel fehlen sollte. § Die Wissenschaft hinter der perfekten Käsesauce: Der Unterschied zwischen einer seidigen Käsesauce und einer körnigen, fettig-abgesetzten Masse liegt in der Emulsion — und die beginnt mit der Mehlschwitze. Butter und Mehl werden zunächst zu einer Roux verarbeitet: gleiche Teile, bei mittlerer Hitze, bis der Mehlgeschmack verschwindet (ca. 2 Minuten). Die Stärke im Mehl quillt auf und bindet später die Flüssigkeit. Dann kommt die Vollmilch — kalt, in Schüben, unter ständigem Rühren. Dieser Schritt ist nicht verhandelbar. Zu schnell, zu heiß, zu wenig Bewegung: Klumpen. Die fertige Béchamel ist die Basis. Jetzt kommt der entscheidende Moment: Käse einarbeiten. Die Sauce muss vom Herd, bevor der Käse hineinkommt. Über 85°C beginnen Kaseinproteine zu denaturieren und das Milchfett trennt sich ab — das Ergebnis ist eine körnige, ölige Sauce, die kein Rauch der Welt retten kann. Käseauswahl: Cheddar (gereift, mindestens 12 Monate) liefert Schärfe und Tiefe. Gruyère bringt Nussigkeit und schmilzt außergewöhnlich glatt, weil sein Fettgehalt und seine Proteinstruktur ideal für Schmelzsaucen sind. Verhältnis: 70% Cheddar, 30% Gruyère. Immer selbst reiben — Fertiggeriebener enthält Zellulose als Trennmittel, die die Emulsion sabotiert. Die Macaroni kommen al dente in die Sauce — sie garen im Smoker weiter. Wer sie vorher zu weich kocht, bekommt Brei.
Gegrilltes Mahi-Mahi mit Mango-Salsa und Limetten-Marinade; Rezept; Mahi-Mahi; Mittel; Mahi-Mahi grillen, Fischgrill Rezept, Limetten-Marinade, Mango-Salsa, Karibische Grillrezepte; Steakakademie-Rezept: /rezepte/fisch/mahi-mahi-grill; Saftiges Mahi-Mahi-Filet mit karibischer Limetten-Koriander-Marinade, gegrillt mit perfekten Grillstreifen. Dazu frische Mango-Salsa. Basis: 4 Personen (Mengen linear pro Person umrechenbar). Methode: Heiß direkt. Gesamtzeit: 37 Min. Zutaten (für 4 Personen): 4 Stück Mahi-Mahi-Filets à 180g (hautlos, ca. 3cm Dicke), 3 Stück Limetten (frisch gepresst), 1 Bund frischer Koriander (gehackt), 2 Stück rote Chilischoten (entkernt, fein gehackt), 3 EL natives Olivenöl extra, 1 TL Meersalz, 1 TL schwarzer Pfeffer (frisch gemahlen), 2 Stück reife Mangos (gewürfelt), 1 Stück rote Zwiebel (fein gehackt), 1 Stück Limette (für Salsa), 1 Prise Fleur de Sel (zum Finishing). Mahi-Mahi ist der Beweis, dass BBQ-Kompetenz nicht an Rind oder Schwein endet. Festes, mageres Fleisch, das bei richtiger Hitze Grillstreifen wie ein Steak entwickelt — und dabei eine Textur liefert, die Fischskeptiker zum Schweigen bringt. Die Kombination aus Limetten-Marinade und Mango-Salsa ist keine Dekoration, sondern Chemie: Säure, Fett, Schärfe und Süße greifen ineinander wie Zahnräder. --- § Was Mahi-Mahi auf dem Grill so besonders macht: Mahi-Mahi (Coryphaena hippurus), auch Goldmakrele oder Dorado genannt, ist kein zarter Speisefisch, der beim ersten Wenden auseinanderfällt. Das Fleisch ist fest, großblättrig strukturiert und enthält wenig intramuskuläres Fett — was es für direkte Hitze prädestiniert, aber auch fehlerintolerant macht. Kein Fettpolster, das Fehler kaschiert. Die Proteinstruktur von Mahi-Mahi beginnt bei etwa 60 °C zu denaturieren. Das Ziel ist eine Kerntemperatur von 58–62 °C — saftig, leicht glasig in der Mitte, mit klarer Textur. Wer auf 70 °C geht, bekommt trockene Fasern, die sich wie Pappe anfühlen. Das ist kein Geschmacksurteil, das ist Physik. Die Limetten-Marinade erfüllt zwei Funktionen: Erstens bringt die Zitronensäure eine oberflächliche Denaturierung der Proteine — sichtbar an der leichten Weißfärbung des Fleisches nach 20–30 Minuten. Das ist kein Garen, sondern eine strukturelle Vorbereitung, die die Oberfläche für die Maillard-Reaktion auf dem Grill empfänglicher macht. Zweitens transportiert das Öl in der Marinade fettlösliche Aromastoffe aus Koriander und Chili direkt in die äußeren Fleischschichten. Wichtig: Nicht länger als 30 Minuten marinieren. Zu viel Säure zerstört die Textur — das Filet wird matschig, bevor es den Grill sieht. --- § Grillsetup und Technik: Warum direkte Hitze und Timing alles entscheiden: Mahi-Mahi braucht direkte, hohe Hitze — 230–260 °C auf dem Rost. Kein indirektes Garen, kein Niedertemperatur-Experiment. Das Ziel sind klare Grillstreifen (Sear-Marks) durch die Maillard-Reaktion, eine karamellisierte Oberfläche und ein saftiges Inneres. Das Zeitfenster dafür ist eng: etwa 3–4 Minuten pro Seite bei einem 2–3 cm dicken Filet.
Elote – Gegrillter Maiskolben mit Cotija & Limette; Rezept; Mais; Einfach; Elote Rezept, Gegrillter Maiskolben, Mexikanischer Streetfood, Cotija-Käse Mais; Steakakademie-Rezept: /rezepte/beilagen/maiskolben-elote; Mexikanischer Streetfood-Klassiker: Maiskolben direkt gegrillt, karamellisiert mit Crema, Cotija-Käse, Chilipulver und frischem Koriander. Basis: 4 Personen (Mengen linear pro Person umrechenbar). Methode: Direkt gegrillt. Gesamtzeit: 25 Min. Zutaten (für 4 Personen): 4 Stück Maiskolben, frisch, Blätter entfernt, 100 ml Crema oder Creme fraîche, 2 EL Limettensaft, frisch gepresst, 100 g Cotija-Käse oder Feta, fein gerieben, 1 TL Chilipulver, mild oder scharf nach Geschmack, 1 Handvoll Frischer Koriander, gehackt, 2 EL Butter, geschmolzen. Elote ist der Beweis, dass Streetfood keine Entschuldigung für Mittelmäßigkeit ist. Dieser mexikanische Klassiker kombiniert Maillard-Reaktion, Fettsäuren, Säure und Schärfe auf einem einzigen Kolben — und wer einmal verstanden hat, was dabei chemisch passiert, grillt ihn nie wieder falsch. § Was auf dem Rost wirklich passiert: Karamellisierung vs. Maillard: Mais enthält beides: Zucker und Aminosäuren. Das bedeutet, beim direkten Grillen laufen zwei Reaktionen parallel ab. Karamellisierung beginnt bei Saccharose ab etwa 160 °C. Die natürlichen Zucker im Maiskorn — hauptsächlich Saccharose, Glucose und Fructose — zersetzen sich und bilden hunderte neue Aromaverbindungen: nussig, leicht bitter, komplex. Das ist der Grund, warum gegrillter Mais süßer und tiefer schmeckt als gekochter. Maillard-Reaktion läuft parallel, sobald Aminosäuren und reduzierende Zucker bei über 140 °C reagieren. Die charakteristischen dunklen Röststreifen auf den Körnern sind das sichtbare Ergebnis — und der Träger der intensivsten Aromen. Der entscheidende Punkt: Beide Reaktionen brauchen trockene Hitze und direkten Kontakt. Wer den Mais vorher kocht oder in Folie wickelt, sabotiert genau das. Dampf hält die Oberflächentemperatur unter 100 °C — Karamellisierung und Maillard finden schlicht nicht statt. Die Körner selbst sind von Natur aus wasserreich. Beim Grillen verdampft dieses Wasser nach außen, während die Oberfläche gleichzeitig trocknet und bräunt. Das Ergebnis: außen Röstaromen, innen saftig. Dieses Gleichgewicht ist das Ziel. § Direkte Hitze, Rotation, Timing — die Technik: Für Elote gilt: hohe direkte Hitze, kein Deckel, aktive Kontrolle. Zieltemperatur am Rost: 230–260 °C. Gasgrills auf volle Leistung, Kohle direkt unter dem Rost aufgeschichtet. Den Kolben ohne Schale direkt auf den Rost legen. Keine Öl-Vorbehandlung — Öl auf dem rohen Kolben verlängert nur die Zeit bis zur Bräunung und erhöht das Risiko von Flare-ups. Die Körner bräunen besser auf trockenem Rost. Rotation alle 2–3 Minuten. Nicht seltener. Mais ist rund, hat aber flache Seiten zwischen den Körnerreihen — wer zu lange auf einer Seite lässt, verbrennt die exponierten Körner, während die Zwischenräume roh bleiben.
Maple Glazed Spareribs — Kanadas BBQ-Klassiker; Rezept; Schweinerippchen; Fortgeschritten; Spareribs Rezept, Ahornsirup Glasur, Low and Slow BBQ, Kanadisches Barbecue, Räuchern Schweinerippchen; Steakakademie-Rezept: /rezepte/fleisch/maple-glazed-spareribs-kanada; Schweinerippchen low & slow indirekt gegart, mit echtem Ahornsirup glasiert. Karamell-Bark trifft Raucharoma — das Original aus Kanada. Basis: 4 Personen (Mengen linear pro Person umrechenbar). Methode: Indirekt, low & slow. Gesamtzeit: 360 Min. Zutaten (für 4 Personen): 2 kg Schweinerippchen (St. Louis Cut) (Membran entfernt), 3 EL Ahornsirup (echt, Grad A Dark) (kanadisch), 2 EL Butter (für Glasur), 1 EL Paprikapulver (edelsüß), 1 TL Cayennepfeffer, 2 TL Knoblauchpulver, 2 TL Meersalz, 1 TL schwarzer Pfeffer (frisch gemahlen), 250 ml Apfelsaft (zum Spritzen), 2 Stück Hickory-Holzchunks (für Rauch). Kanada hat keine BBQ-Tradition? Falsch gedacht. Wer einmal echte Maple Glazed Spareribs gegessen hat — Ribs, die stundenlang im Rauch gehangen haben und am Ende mit einem Ahornsirup-Glaze karamellisiert wurden — versteht sofort, warum dieses Gericht Kultstatus verdient. Die Kombination aus tiefer Rauchnote, mürber Textur und dem süßen, leicht erdigen Karamell des Maple Syrup ist keine Kompromisslösung, sondern ein eigenständiges Geschmacksprofil. § Die Wissenschaft hinter Low & Slow — und warum Spareribs Zeit brauchen: Spareribs kommen aus dem Bauchbereich des Schweins. Das bedeutet: viel Bindegewebe, viel Kollagen, viel intramuskuläres Fett. Genau das macht sie zur perfekten Kandidatin für Low & Slow — aber auch zur Geduldsprobe für Ungeduldige. Kollagen beginnt bei etwa 70–75 °C zu denaturieren, wandelt sich aber erst bei längerem Halten dieser Temperatur vollständig in Gelatine um. Dieser Prozess ist zeitabhängig, nicht nur temperaturabhängig. Wer die Gartemperatur auf 160 °C hochjagt, um Zeit zu sparen, bekommt trockene, zähe Ribs — das Kollagen hat keine Zeit zur Umwandlung, das Muskelfleisch ist bereits übergart. Das Ziel: Kerntemperatur von 93–96 °C, gehalten über mehrere Stunden bei einer Garraumtemperatur von 107–120 °C. In diesem Fenster passiert die Magie. Das Fett rendert aus, das Kollagen wird zu Gelatine, das Fleisch löst sich nicht vom Knochen — es gleitet davon. "Fall-off-the-bone" ist übrigens kein Qualitätsmerkmal, sondern ein Zeichen für Übergaren. Perfekte Ribs haben noch Biss, geben aber beim leichten Zug nach. Der Stall — jener frustrierende Temperaturplateau zwischen 65 und 75 °C — tritt auch bei Ribs auf, ist aber weniger ausgeprägt als bei Brisket oder Pulled Pork. Verdunstungskühlung durch Feuchtigkeit an der Oberfläche bremst den Temperaturanstieg. Wer hier ungeduldig wird und die Hitze erhöht, zerstört das Ergebnis. § Ahornsirup als Glaze — Chemie, Timing und Produktwahl: Nicht jeder Ahornsirup ist gleich. Für BBQ-Glazes gilt: Grade A Dark (Robust Taste) oder der kanadische Grade A Very Dark (Strong Taste) sind die erste Wahl.
Minutensteaks aus der Apfel-Chili-Lake – Brining macht dünne Steaks saftig; Rezept; Minutensteak; Einfach; Minutensteak grillen, Brining Steak, Fleisch in Lake einlegen, Nasspökeln, Fingerfood Grill; Steakakademie-Rezept: /rezepte/fleisch/minutensteaks-apfel-chili-lake; Dünne Steaks 2 Stunden in einer Lake aus Apfelsaft, Salz, Zucker und Chili — dann blitzschnell heiß gegrillt. Die Brining-Wissenschaft macht selbst 1-cm-Schnitte saftig. Das perfekte Fingerfood. Basis: 4 Personen (Mengen linear pro Person umrechenbar). Methode: Direkt, sehr heiß und sehr kurz. Gesamtzeit: 140 Min. Zutaten (für 4 Personen): 600 g Minutensteaks vom Rind (z. B. aus Hüfte oder Rücken, ca. 1 cm dünn), 300 ml Naturtrüber Apfelsaft, 200 ml Wasser (kalt), 25 g Meersalz (das sind 5 % auf die Flüssigkeit — die Brining-Formel), 15 g Brauner Zucker, 1 TL Chiliflocken, 1 EL Apfelessig, 1 EL Rapsöl (zum Abtupfen vor dem Grillen). Das Minutensteak ist die undankbarste Disziplin am Grill: Ein 1 cm dünner Schnitt hat null Fehlertoleranz — dreißig Sekunden zu lang, und aus Steak wird Schuhsohle. Die Lösung kommt aus der Pökelkammer und heißt Brining: ein Salzbad, das dem Fleisch eine Saftigkeits-Versicherung einbaut, bevor es die Hitze überhaupt sieht. § Was in der Lake wirklich passiert: Eine Lake (englisch brine) ist Salzwasser mit etwa 5 % Salzanteil — hier angereichert mit Apfelsaft, Zucker und Chili. Beim Baden laufen zwei Prozesse gleichzeitig: Erstens wandert Salz per Diffusion ins Fleisch und verändert dort die Muskelproteine: Es entfaltet die Myosin-Strukturen teilweise und erhöht ihre Wasserbindungskapazität. Gebrintes Fleisch hält beim Garen messbar mehr Flüssigkeit fest — genau die Reserve, die einem dünnen Steak über die heißen 3 Minuten hilft. Zweitens nimmt das Fleisch Flüssigkeit auf — je nach Zeit einige Prozent seines Gewichts, und mit ihr die gelösten Aromen: die Fruchtsäure und Süße des Apfelsafts, die Schärfe der Chili. Anders als eine Öl-Marinade, die auf der Oberfläche bleibt, würzt die Lake von innen. Der Zucker ist der dritte Spieler: Er balanciert das Salz, und beim Grillen karamellisiert er an der Oberfläche — dünne Steaks bekommen so in 90 Sekunden eine Röstung, für die pures Fleisch länger bräuchte, als es Garzeit hat. § Zeit ist die einzige Stellschraube: Brining verzeiht fast alles außer Ungeduld in die falsche Richtung: Zu lange gebadet, wird das Fleisch erst salzig, dann schwammig-weich, weil das Salz die Proteinstruktur zu weit auflöst. Die Faustregel skaliert mit der Dicke — für 1-cm-Minutensteaks sind 2 Stunden ideal, 4 das Maximum. Dasselbe Prinzip in groß macht übrigens auch Beer Can Chicken und Truthahn saftig; dort darf die Lake über Nacht arbeiten. Und der wichtigste Handgriff kostet nichts: trocken tupfen. Bräunung beginnt erst, wenn die Oberfläche trocken ist — bei einem Gericht mit 90 Sekunden Garzeit pro Seite entscheidet das Küchenpapier über Röstaroma oder graues Fleisch. § Häufige Fehler: Nach der Lake nachgesalzen. Doppelt gesalzen ist ungenießbar — die Lake hat das Würzen komplett übernommen.
Mollejas al Asado – Kalbsbries auf der Parrilla; Rezept; Kalbsbries; Fortgeschritten; Kalbsbries grillen, Mollejas Rezept, Argentinisches Asado, Parrilla Grillen, Innereien grillen; Steakakademie-Rezept: /rezepte/fleisch/mollejas-asado; Argentinisches Klassiker-Rezept: Kalbsbries blanchiert, entfettet und auf der Parrilla langsam gegrillt bis knusprig außen, cremig innen. Basis: 4 Personen (Mengen linear pro Person umrechenbar). Methode: Parrilla, langsam. Gesamtzeit: 70 Min. Zutaten (für 4 Personen): 800 Gramm Kalbsbries (frisch, vom Metzger) (Thymus und Pankreas), 2 Liter Wasser (zum Blanchieren), 1 Stück Zwiebel (halbiert) (für Blanchier-Sud), 2 Stück Lorbeerblätter (für Blanchier-Sud), 60 Milliliter Olivenöl (zum Grillen), 1 Teelöffel Meersalz (grobes Körner), 1 Teelöffel schwarzer Pfeffer (frisch gemahlen), 1 Bund Petersilie (für Chimichurri), 100 Milliliter Chimichurri (argentinische Würzpaste). Wer beim Asado nur an Ribeye und Chorizo denkt, hat die tiefste Schicht argentinischer Grillkultur noch nicht erreicht. Mollejas — Kalbsbries — gelten unter Parrilleros als die eigentliche Königsdisziplin: technisch anspruchsvoll, geschmacklich kompromisslos, und für Uneingeweihte eine Offenbarung. Die Kombination aus krachend-knuspriger Außenhaut und seidig-cremigem Innenleben ist kein Zufall, sondern das Ergebnis präziser Hitzeführung und Geduld. --- § Was Bries ist — und warum es so reagiert wie es reagiert: Kalbsbries ist kein Muskelgewebe. Es handelt sich um die Thymusdrüse des Kalbs, ein Organ, das beim Jungtier noch aktiv ist und mit zunehmendem Alter zurückbildet. Das erklärt, warum echtes Kalbsbries — im Gegensatz zu Rinderbries — so außergewöhnlich zart und mild ist: kaum Bindegewebe, kaum Kollagen, dafür ein hoher Anteil an Fett und Drüsengewebe mit einer fast puddingartigen Textur im rohen Zustand. Genau diese Struktur macht die Hitzeführung so entscheidend. Bries enthält keine Myofibrillen, die sich beim Garen zusammenziehen und Saft auspressen wie bei Muskelgewebe. Stattdessen reagiert das Drüsengewebe auf Hitze durch Denaturierung der Proteine in der Zellmatrix — bei zu hoher Temperatur kollabiert die Struktur, das Fett tritt aus, und das Innere wird körnig und trocken statt cremig. Das Ziel ist eine Kerntemperatur von 65–70 °C, nicht mehr. Alles darüber ist Substanzverlust. Die äußere Kruste entsteht durch klassische Maillard-Reaktion an der Oberfläche — aber nur, wenn die Oberfläche trocken genug ist. Deshalb ist das Blanchieren und anschließende Trocknen kein optionaler Schritt, sondern die Grundvoraussetzung für das Ergebnis. --- § Vorbereitung und Technik auf der Parrilla: Blanchieren: Bries kommt roh mit einer dünnen, pergamentartigen Membran und Blutgefäßen, die bitter schmecken und die Textur stören. Kaltes Wasser, langsam auf 80 °C erhitzen — kein rollendes Kochen — für 8–10 Minuten. Danach sofort in Eiswasser abschrecken. Jetzt lässt sich die äußere Haut mit den Fingern abziehen, Fettansammlungen und Gefäße werden mit einem kleinen Messer entfernt.
Moo Ping – Thailändisches Grillspiessfleisch mit Kokos-Fischsauce; Rezept; Schweinenacken; Mittel; Moo Ping, Thailändisches Grillspiessfleisch, Schweinenacken grillen, Holzkohle-Grill, Fischsauce-Marinade; Steakakademie-Rezept: /rezepte/fleisch/moo-ping; Authentisches Moo Ping aus Bangkok: marinierter Schweinenacken auf Holzspiessen gegrillt. Karamell-Rauch-Geschmack mit Kokos und Fischsauce. Basis: 4 Personen (Mengen linear pro Person umrechenbar). Methode: Spieß, direkt. Gesamtzeit: 45 Min. Zutaten (für 4 Personen): 800 g Schweinenacken (dünn geschnitten (ca. 5 mm), gegen die Faser), 3 EL Fischsauce (Thai-Qualität (z.B. Red Boat)), 2 EL Kokosmilch (vollfett), 2 EL Palmzucker (oder brauner Zucker), 2 Zehen Knoblauch (fein gehackt), 1 TL Kurkuma (gemahlenes Pulver), 1 TL Koriander (gemahlenes Pulver), 1 Prise Cayenne-Pfeffer (optional), 2 EL Öl (neutral (Erdnuss- oder Sonnenblumenöl)). Bangkoks Straßen riechen nach Moo Ping. Dieses Gericht ist kein Trend, kein Fusion-Experiment – es ist jahrzehntelang optimiertes Handwerk, das an jedem zweiten Eckstand der Stadt perfektioniert wurde. Was simpel aussieht, ist in Wirklichkeit ein präzises Zusammenspiel aus Biochemie, Hitzemanagement und Timing. § Warum Kokos-Fischsauce-Zucker keine gewöhnliche Marinade ist: Die drei Kernzutaten der Moo-Ping-Marinade sind kein Zufall. Kokosmilch liefert Fett und Zucker (Saccharose plus natürliche Kohlenhydrate), Fischsauce bringt Glutamat und Salz, Palmzucker schließt den Kreislauf mit zusätzlicher Süße und einem leicht karamelligen Eigengeschmack. Was passiert beim Grillen? Maillard-Reaktion vs. Karamellisierung – beide laufen hier parallel. Die Aminosäuren aus dem Schweinefleisch und der Fischsauce reagieren mit den reduzierenden Zuckern der Kokosmilch (Maillard, ab ca. 140 °C). Gleichzeitig karamellisiert der Palmzucker ab etwa 160 °C und bildet diese charakteristischen dunkelbraunen, leicht bitteren Aromaverbindungen, die den süßen Rauchgeschmack erst komplex machen. Das Fett der Kokosmilch fungiert dabei als Wärmeleiter und sorgt dafür, dass die Oberfläche des Fleisches gleichmäßig bräunt – nicht fleckig verbrennt. Fischsauce als Enzymbeschleuniger: Die Glutaminsäure in der Fischsauce verstärkt nicht nur den Umami-Charakter, sie beeinflusst auch die Proteinstruktur der Oberfläche. Hochsalzige Marinaden denaturieren Oberflächenproteine leicht vor, was die Textur beim Grillen fester und bissfester macht – gewünscht bei dünnen Scheiben, die sonst zerfallen würden. Warum Schweinenacken? Der Nacken hat einen Fettanteil von 15–25 %, gleichmäßig intramuskulär verteilt. Bei dünnen Scheiben (3–4 mm) schmilzt dieses Fett beim Grillen innerhalb von Sekunden, hält das Fleisch saftig und verhindert das Austrocknen, das bei magerem Fleisch auf direkter Hitze unvermeidlich wäre. § Technik: Langsam, heiß, ständig in Bewegung: Moo Ping wird nicht einmal gewendet. Es wird kontinuierlich gedreht – alle 30 bis 60 Sekunden. Das ist kein Ritual, das ist Physik. Holzkohle-Setup: Verwende Binchotan oder hochwertige Hartholzkohle.
Naan vom Pizzastein – fluffiges Fladenbrot mit Knoblauch-Kräuterbutter; Rezept; Brot; Mittel; Naan Grill, Naan Pizzastein, Fladenbrot grillen, Brot vom Grill, Grillbeilage Brot; Steakakademie-Rezept: /rezepte/beilagen/naan-pizzastein; Joghurt-Hefeteig auf dem heißen Pizzastein gebacken: außen Blasen und Röststellen, innen weich und fluffig. Das beste Beilagenbrot zu allem Kurzgebratenen — direkt vom Grill. Basis: 4 Personen (Mengen linear pro Person umrechenbar). Methode: Pizzastein, direkt aufgeheizt / indirekt gebacken. Gesamtzeit: 90 Min. Zutaten (für 4 Personen): 400 g Weizenmehl (Type 550 oder 812, plus Mehl zum Arbeiten), 180 ml Wasser (lauwarm, 40 °C), 7 g Trockenhefe (1 Päckchen), 100 g Griechischer Joghurt (zimmerwarm), 2 EL Rapsöl, 1 TL Zucker, 1 TL Meersalz, 80 g Butter, 2 Zehen Knoblauch (fein gehackt), 2 EL Gemischte Kräuter (frisch gehackt, z. B. Petersilie und Koriander). Brot vom Grill ist der unterschätzteste Gang des ganzen Grillabends — und Naan der einfachste Einstieg. Der weiche Joghurtteig verzeiht viel, braucht keine Form und backt in Minuten. Wer einmal gesehen hat, wie sich die ersten Blasen auf dem heißen Stein werfen, backt sein Fladenbrot nie wieder im Backofen. § Was der Joghurt im Teig macht: Naan unterscheidet sich von Pizza- oder Baguetteteig durch eine Zutat: Joghurt. Seine Milchsäure macht zweierlei. Sie entspannt das Klebergerüst — der Teig lässt sich ziehen statt zurückzuschnellen und bleibt nach dem Backen weich statt zäh. Und seine Milchproteine und der Milchzucker bräunen intensiver als Mehl allein: Daher kommen die typischen dunklen Flecken, die ein gutes Naan von einem blassen Fladen unterscheiden. § Der Stein ist der Ofen: Ein Pizzastein speichert Wärme und gibt sie durch direkten Kontakt schlagartig an den Teig ab — deutlich schneller, als heiße Luft es je könnte. Dieser Hitzeschock verdampft das Wasser im Teig explosionsartig: Die Gasblasen aus der Gärung dehnen sich aus, der Fladen wirft Blasen, der sogenannte Ofentrieb hebt die Krume. Genau deshalb sind die 20 Minuten Vorheizen nicht verhandelbar — ein lauwarmer Stein backt den Teig nur trocken, statt ihn aufgehen zu lassen. Der geschlossene Deckel macht den Rest: Oberhitze von der reflektierten Wärme, Unterhitze vom Stein — der Grill wird zum Steinbackofen. § Wozu es passt: Zu allem, was Sauce hat oder in Stücken kommt: Adana Kebab, Bulgogi, Pulled Pork — oder einfach als Vorspeise mit dem Rest der Knoblauchbutter, während der Hauptgang noch gart. § Häufige Fehler: Stein nicht durchgeheizt. Der Fladen bleibt flach und blass. 20 Minuten Vorheizen, gemessen ab Zieltemperatur. Teig ausgerollt. Das Nudelholz drückt alle Gasblasen heraus — mit den Händen ziehen erhält sie. Zu heißes Wasser für die Hefe. Über 45 °C stirbt die Hefe, der Teig geht nicht. Lauwarm heißt: am Handgelenk kaum spürbar.
Nackenbraten mit Knoblauch-Kräuter-Rub – über Nacht mariniert, indirekt gegart; Rezept; Schweinenacken; Mittel; Nackenbraten grillen, Schweinenacken Rub, Knoblauch-Kräuter-Rub, Indirektes Grillen, Grillkurs-Klassiker; Steakakademie-Rezept: /rezepte/fleisch/nackenbraten-kraeuter-rub; Schweinenacken mit selbst gemischtem Knoblauch-Kräuter-Rub, über Nacht trocken mariniert und indirekt bei 130–140 °C gegart. Saftig, schnittfest, mit tiefer Kruste. Basis: 6 Personen (Mengen linear pro Person umrechenbar). Methode: Indirekt, Low & Slow. Gesamtzeit: 200 Min. Zutaten (für 6 Personen): 2 kg Schweinenacken (ohne Knochen, am Stück), 2 EL Meersalz (grob), 1 EL Brauner Zucker, 1 EL Paprika edelsüß, 2 TL Knoblauchpulver, 1 EL Rosmarin (getrocknet, fein gehackt), 1 EL Thymian (getrocknet), 1 TL Schwarzer Pfeffer (grob geschrotet), 1 TL Chiliflocken (optional). Der Nackenbraten ist der vielleicht dankbarste Einstieg ins indirekte Garen — und ein Klassiker aus jedem guten Grillkurs. Der Grund liegt im Muskel selbst: Der Schweinenacken ist von Fettadern und Bindegewebe durchzogen, die bei niedriger Temperatur langsam schmelzen und das Fleisch von innen saftig halten. Wo ein mageres Stück längst trocken wäre, verzeiht der Nacken auch dem Anfänger eine halbe Stunde Unaufmerksamkeit. § Warum die Übernacht-Marinade den Unterschied macht: Der Knoblauch-Kräuter-Rub ist mehr als Würze — er ist eine milde Trockenpökelung. Das grobe Salz zieht in den ersten Stunden Feuchtigkeit aus der Oberfläche, löst sich darin und wandert anschließend mitsamt den Aromen von Knoblauch, Rosmarin und Thymian zurück ins Fleisch. Nach 12 Stunden ist die Würze nicht mehr auf dem Braten, sondern in den äußeren Zentimetern. Der braune Zucker im Rub hat eine zweite Aufgabe: Er karamellisiert beim Garen und liefert zusammen mit den Fleischproteinen die Maillard-Reaktion — jene Röst-Pyrazine, die die dunkle Kruste so tief schmecken lassen. Bei 130–140 °C Garraumtemperatur verbrennt der Zucker nicht, sondern baut die Kruste langsam auf. § Die Kerntemperatur entscheidet — nicht die Uhr: 78–80 °C im Kern sind der Punkt, an dem der Nacken schnittfest und saftig zugleich ist: Genug Kollagen ist zu Gelatine umgewandelt, aber das Fleisch hält noch als Scheibe zusammen. Wer weitergart, bekommt kein besseres, sondern ein anderes Ergebnis — ab etwa 88–95 °C lässt sich der Nacken zupfen und wird zum Pulled Pork. Beides ist richtig; entscheidend ist, dass du dich vorher festlegst und nach Thermometer arbeitest. Die Tropfschale mit Wasser unter dem Fleisch stabilisiert nebenbei die Garraumtemperatur und hält die Luft feucht — bei zwei bis drei Stunden Garzeit ein unterschätzter Faktor gegen das Austrocknen der Oberfläche. § Häufige Fehler: Zu heiß gegart. Über 160 °C rennt die Oberfläche dem Kern davon: außen fast verbrannt, innen zäh, weil das Kollagen keine Zeit zum Schmelzen hatte. Geduld ist hier eine Zutat. Rub erst kurz vorher aufgetragen. Dann würzt er nur die Oberfläche. Die Übernacht-Phase ist kein optionaler Schritt, sondern der halbe Geschmack. Ohne Rast angeschnitten.
Ochsenbacke geschmort — Butterzart aus dem Dutch Oven; Rezept; Ochsenbacke; Fortgeschritten; Ochsenbacke grillen, Dutch Oven Schmorbraten, Schmorfleisch Grill, Bindgewebsabbau Grillen; Steakakademie-Rezept: /rezepte/fleisch/ochsenbaeckchen-geschmort; Ochsenbacke scharf angegrillt, dann 3–4 Stunden im Dutch Oven geschmort. Klassischer Schmorbraten mit seidiger Bindgewebsstruktur. Basis: 4 Personen (Mengen linear pro Person umrechenbar). Methode: Dutch Oven / indirekt. Gesamtzeit: 270 Min. Zutaten (für 4 Personen): 1 kg Ochsenbacke (am Stück) (Zimmertemperatur vor Grillen), 2 EL Speiseöl (hocherhitzbar) (zum Angrillen), 1 Stück Zwiebel (groß, geviertelt), 2 Stück Karotten (grob geschnitten), 2 Stück Selleriestangen (grob geschnitten), 500 ml Rinderbrühe (oder Wasser), 200 ml Rotwein (trocken), 2 TL Salz (Meersalz), 1 TL schwarzer Pfeffer (frisch gemahlen), 3 Stück Lorbeerblatt, 4 Stück Wacholderbeeren. Ochsenbacken sind das ehrlichste Stück Fleisch, das der Rind zu bieten hat. Wer sie einmal richtig geschmort hat, versteht sofort, warum Spitzenköche sie auf die Karte setzen — und warum sie am Grill eine eigene Kategorie verdienen. --- § Kollagen, Gelatine und der Weg zur Seide: Ochsenbacken bestehen zu einem außergewöhnlich hohen Anteil aus Bindegewebe. Der Kaumuskel eines Rindes arbeitet sein Leben lang — das Ergebnis ist dichtes, kollagenreiches Fleisch mit einem Fettanteil, der sich tief in die Faserstruktur zieht. Genau das macht diesen Cut so interessant. Kollagen ist ein Strukturprotein, das bei Temperaturen zwischen 70 und 80 °C beginnt, sich in Gelatine umzuwandeln. Dieser Prozess braucht Zeit — nicht Hitze. Wer Ochsenbacken bei 200 °C durch den Ofen jagt, bekommt trockenes, zähes Fleisch. Wer sie bei 140–160 °C Gartemperatur über drei bis vier Stunden im Dutch Oven hält, bekommt etwas, das sich mit einem Löffel portionieren lässt. Die Kerntemperatur ist hier kein verlässlicher Indikator für Garpunkt. Ochsenbacken sind fertig, wenn sie sich weich anfühlen wie Butter — das liegt typischerweise bei einer Kerntemperatur von 90–95 °C, aber das Gefühl beim Einstechen mit einem Zahnstocher oder Thermometerfühler entscheidet, nicht die Zahl allein. Der Fühler muss ohne Widerstand gleiten. Das scharfe Angrillen vor dem Schmoren ist kein optionaler Schritt. Die Maillard-Reaktion bei direkter, hoher Hitze erzeugt Hunderte von Aromaverbindungen, die sich während des Schmorens in die Flüssigkeit lösen und den Fond tief und komplex machen. Ohne diesen Schritt schmeckt das Ergebnis flach — egal wie gut der Rest ist. --- § Dutch Oven am Grill: Warum das besser ist als der Backofen: Ein Dutch Oven aus Gusseisen ist das ideale Gefäß für dieses Gericht — aber der entscheidende Unterschied liegt darin, wo er steht. Am Grill, indirekt bei geschlossenem Deckel, entsteht eine Umgebung, die ein Backofen nicht replizieren kann: leichter Rauch, der durch die Dichtung des Deckels zieht, gibt dem Schmorfond eine zusätzliche Tiefe. Nicht dominant, aber spürbar.
Onglet (Hanger Steak) — Französischer Bistro-Klassiker; Rezept; Onglet; Mittel; Onglet grillen, Hanger Steak Rezept, Französisches Steak, Bistro-Klassiker; Steakakademie-Rezept: /rezepte/fleisch/onglet-hanger-steak; Onglet perfekt grillen: Intensiver Geschmack, kurz heiß seared, Medium Rare. Anleitung zum Entfernen der Mittelsehne und korrektem Schneiden gegen die Faser. Basis: 2 Personen (Mengen linear pro Person umrechenbar). Methode: Heiß direkt. Gesamtzeit: 23 Min. Zutaten (für 2 Personen): 600 g Onglet (Hanger Steak), 1 Stück (Mittelsehne entfernen), 2 TL Fleur de Sel oder grobes Meersalz, 1 TL frisch gemahlener schwarzer Pfeffer, 30 g Butter, kalt, 2 Zehen Knoblauch, ungeschält gequetscht. Das Onglet ist das bestgehütete Geheimnis der französischen Bistroküche — ein Stück, das Metzger traditionell für sich selbst behalten haben, weil es zu gut ist, um es einfach so zu verkaufen. Intensiver, fast leberhafter Umami-Geschmack, eine Textur die zwischen Flank und Skirt liegt, und ein Preis, der noch nicht vom Hype zerstört wurde. Wer einmal versteht, wie dieses Stück funktioniert, greift selten wieder zur Entrecôte. § Anatomie und Geschmack: Warum das Onglet so intensiv schmeckt: Das Onglet hängt — daher der englische Name Hanger Steak — am Zwerchfell des Rindes, genauer gesagt an der letzten Rippe. Es ist ein Aufhängemuskel, der das Zwerchfell mit der Wirbelsäule verbindet. Pro Tier gibt es genau ein Stück, was die Verfügbarkeit naturgemäß limitiert. Der intensive Geschmack hat eine direkte physiologische Ursache: Das Onglet liegt in unmittelbarer Nähe zu Niere und Leber und ist stark durchblutet. Der Myoglobingehalt ist außergewöhnlich hoch — das ist dasselbe Protein, das Muskelfleisch seine rote Farbe gibt und beim Garen für den metallisch-mineralischen Geschmack verantwortlich ist. Wer diesen Geschmack kennt und schätzt, ist verloren. Im besten Sinne. Anatomisch besteht das Onglet aus zwei Muskeln, die durch eine zentrale Sehne verbunden sind. Diese Sehne ist zäh, nicht essbar, und muss vor dem Garen entfernt werden. Entweder du bittest deinen Metzger darum — oder du machst es selbst: Die Sehne lässt sich mit einem scharfen Ausbeinmesser sauber herausschneiden, sodass zwei längliche Steaks entstehen. Beide Hälften haben eine ausgeprägte Faserstruktur, die diagonal verläuft. Das ist entscheidend für den späteren Schnitt. § Hitze, Timing und der richtige Schnitt: Das Onglet verlangt nach direkter, aggressiver Hitze. Kein Low-and-Slow, kein Reverse Sear — das Stück will den direkten Kontakt mit einer sehr heißen Grillfläche oder Gusseisenpfanne. Ziel ist eine kräftige Kruste bei einem Kern von 52–54 °C. Medium Rare ist hier keine Empfehlung, sondern eine Notwendigkeit: Über 58 °C wird das Onglet zäh und verliert seinen charakteristischen Saft. Die Vorgehensweise: Fleisch mindestens 45 Minuten vor dem Grillen aus dem Kühlschrank nehmen. Trocken tupfen — Oberflächenfeuchtigkeit ist der Feind der Maillard-Reaktion.
Paella vom Grill – Safranreis mit Garnelen und Fisch aus einer Pfanne; Rezept; Garnelen & Fisch; Fortgeschritten; Paella Grill, Paella Rezept, Meeresfrüchte grillen, One Pot Grill, Safranreis; Steakakademie-Rezept: /rezepte/fisch/paella-vom-grill; Paella Pescador im Grill: Safranreis, Riesengarnelen und Fischfilet garen in einer Pfanne bei geschlossenem Deckel — inklusive Socarrat, der begehrten Röstschicht am Boden. Das One-Pot-Spektakel für Gäste. Basis: 4 Personen (Mengen linear pro Person umrechenbar). Methode: Direkt anbraten, indirekt ausgaren. Gesamtzeit: 65 Min. Zutaten (für 4 Personen): 8 Stück Riesengarnelen (roh, geschält bis auf das Schwanzsegment), 300 g Weißes Fischfilet (z. B. Seelachs oder Kabeljau, in 4 Portionen), 250 g Paella-Reis (Bomba oder anderer Rundkorn — kein Basmati, kein Risotto-Rühren), 100 g Grüne Bohnen (in 3-cm-Stücken), 1 Stück Zwiebel (fein gewürfelt), 2 Zehen Knoblauch (fein gehackt), 2 Stück Tomaten (gerieben oder fein gewürfelt), 1 TL Pimentón de la Vera (geräuchertes Paprikapulver), 1 Prise Safranfäden (ca. 0,2 g — in 2 EL warmem Wasser eingeweicht), 100 ml Weißwein (trocken), 600 ml Gemüse- oder Fischfond (heiß), 4 EL Olivenöl, 1 Stück Bio-Zitrone (geviertelt, zum Angrillen), 2 Zweige Rosmarin. Die Paella ist das älteste Argument dafür, dass die besten Reisgerichte über Feuer entstehen — sie wurde auf offenen Holzfeuern in Valencias Feldern erfunden, lange bevor sie in Küchen zog. Ein Grill mit Deckel bringt sie näher an dieses Original als jeder Herd: große Fläche, Hitze von unten, Deckel als Ofen. § Reis, der nicht gerührt werden will: Paella und Risotto sind Gegenspieler mit demselben Rohstoff. Risotto wird permanent gerührt, damit der Reis seine Oberflächenstärke abgibt und cremig bindet. Die Paella will das exakte Gegenteil: Der Rundkornreis — idealerweise Bomba, der das Dreifache seines Gewichts an Flüssigkeit aufnimmt, ohne zu zerfallen — bleibt ab dem Einstreuen unberührt. Jedes Korn saugt sich mit Sofrito, Safran und Fond voll und bleibt trotzdem einzeln. Und am Boden passiert das Beste: Wo der Reis die heiße Pfanne berührt, karamellisiert die Stärke zur knusprigen Röstschicht — dem Socarrat, in Spanien der Teil, um den sich die Familie streitet. Auf dem Grill entsteht er zuverlässiger als auf dem Induktionsfeld, weil die Hitze großflächig von unten kommt. Wer ihn hört (ein leises Knistern gegen Ende), hat alles richtig gemacht. § Safran und Pimentón: die zwei Farben der Paella: Safran liefert die goldene Farbe und sein heuig-honigartiges Aroma — aber nur, wenn seine wasserlöslichen Farb- und Aromastoffe Zeit zum Lösen hatten. Deshalb die Fäden immer 10 Minuten in warmem Wasser einweichen, nie trocken in den Reis. Der geräucherte Pimentón de la Vera ist der zweite Pfeiler: Er bringt die Rauchtiefe, die früher vom Holzfeuer kam — auf dem Grill verstärken sich beide.
Rinderhüfte „Pastrami Art" – geräuchert, lauwarm im Sandwich; Rezept; Rinderhüfte; Fortgeschritten; Pastrami selber machen, Pastrami Sandwich, Rinderhüfte räuchern, Wassersmoker Rezept, Pastrami Gewürz; Steakakademie-Rezept: /rezepte/fleisch/pastrami-rinderhuefte; Rinderhüfte mit Senf-Binder und klassischem Pastrami-Gewürz (Pfeffer, Koriander, Piment) im Wassersmoker bei 100–120 °C geräuchert. Lauwarm hauchdünn aufgeschnitten wird daraus das beste Sandwich des Grilltags. Basis: 6 Personen (Mengen linear pro Person umrechenbar). Methode: Wassersmoker oder indirekt mit Rauch, 100–120 °C. Gesamtzeit: 900 Min. Zutaten (für 6 Personen): 1.5 kg Rinderhüfte (am Stück, pariert), 2 EL Grober Dijon-Senf (der Binder — hält das Gewürz und bleibt unsichtbar), 1.5 EL Schwarzer Pfeffer (ganze Körner), 1 EL Koriandersaat (ganz), 1 TL Senfkörner, 0.5 TL Piment (ganze Körner), 1.5 EL Meersalz (grob), 1 EL Brauner Zucker, 2 TL Paprika edelsüß, 1 TL Knoblauchpulver, 6 Stück Bauernbrotscheiben (fürs Sandwich, plus Senf und knackiger Salat). Echtes New Yorker Pastrami ist ein Wochenprojekt: Rinderbrust, tagelang nasspökeln, räuchern, dämpfen. Diese Kursversion holt den Charakter — Pfeffer-Koriander-Kruste, Rauch, zartrosa Fleisch im Sandwich — in einen einzigen Grilltag plus eine Nacht, indem sie das Stück wechselt: Die feinfaserige Rinderhüfte braucht keine Woche Pökelbad und keine Stunden Dämpfen, um zart zu sein. § Die Logik der Abkürzung: Das Original nimmt Brust, weil sie billig und bindegewebsreich ist — und erkauft die Zartheit mit tagelanger Prozedur. Die Hüfte ist von Natur aus zart genug, um wie ein Braten auf 58–60 °C gezogen zu werden. Was bleibt, ist die Essenz von Pastrami: die Übernacht-Trockenpökelung (Salz + Zucker + Gewürze wirken wie ein kurzes Dry Cure und sorgen nebenbei für die rosa Randfärbung unter der Kruste), der kalte Rauch-Charakter des Hickorys und die krachend-grobe Gewürzkruste. Der Senf-Binder ist dabei ein Trick aus der amerikanischen Pitmaster-Praxis: Eine dünne Senfschicht verankert die grobe Gewürzmischung zuverlässig am Fleisch — und verschwindet geschmacklich vollständig im Endprodukt. Wer Senf nicht mag, kann trotzdem beruhigt sein: Nach drei Stunden Rauch schmeckt niemand mehr Senf, nur die Kruste hält besser. § Warum der Wassersmoker — und die 100–120 °C: Pastrami lebt vom langsamen Rauchaufbau. Bei 100–120 °C bleibt die Fleischoberfläche lange im Temperaturfenster, in dem Rauchpartikel am besten kondensieren — mehr Zeit, mehr Aroma, ausgeprägterer rosa Rauchring. Die Wasserschale des Smokers stabilisiert diese niedrige Temperatur physikalisch: Solange Wasser verdampft, kann die Garraumtemperatur kaum über ~120 °C steigen, und die feuchte Luft verhindert, dass die lange Garzeit die Oberfläche austrocknet. Im Kugelgrill leistet eine schlichte Wasserschale unter dem Fleisch denselben Dienst. Lauwarm aufgeschnitten — nicht heiß — zeigt Pastrami seine beste Seite: Die Fasern haben sich entspannt, der Saft ist gebunden, und die Kruste bleibt beim Schneiden intakt.
Picanha Churrasco – Brasilianischer Klassiker vom Grill; Rezept; Picanha; Mittel; Picanha Churrasco, Brasilianisches Steak grillen, Spieß-Grillen, Fettkappe Fleisch, Churrascaria-Rezept; Steakakademie-Rezept: /rezepte/fleisch/picanha-churrasco; Picanha mit Fettkappe perfekt grillen: Traditionelles Churrasco-Rezept mit grobem Salz, Spieß-Methode und direktem Fettseiten-Sear. Schritt für Schritt. Basis: 4 Personen (Mengen linear pro Person umrechenbar). Methode: Spieß / indirekt. Gesamtzeit: 40 Min. Zutaten (für 4 Personen): 1 kg Picanha mit Fettkappe (C-förmig geschnitten), 30 g Grobes Meersalz (Fleur de Sel oder Sal Grosso), 2 EL Schwarzer Pfeffer (frisch gemahlen, optional), 1 Stück Limette (zum Beträufeln nach dem Grillen), 500 ml Chimichurri-Sauce (optional, traditionell). Die Picanha ist in Brasilien kein Trend – sie ist Gesetz. Kein Churrasco ohne diesen Schnitt, kein Sonntagsgrill ohne das Zischen der Fettkappe über der Glut. Was in Deutschland als Tafelspitzdeckel oft übersehen wird, gilt in São Paulo und Rio als das edelste Stück vom Rind. § Was die Picanha von jedem anderen Schnitt unterscheidet: Die Picanha sitzt am hinteren Rücken, direkt über dem Tafelspitz – anatomisch gesehen der Musculus biceps femoris mit seiner charakteristischen, gleichmäßigen Fettauflage. Genau diese Fettkappe ist der Kern des Ganzen. Sie ist keine Zutat, die man wegschneidet. Sie ist der Geschmacksträger, der Saftspender, der Grund, warum dieser Schnitt funktioniert. Das intramuskuläre Fett der Picanha ist vergleichsweise gering – der Muskel arbeitet, er ist kein Luxusschnitt im Wagyu-Sinne. Was ihn rettet und definiert, ist die externe Fettschicht: Beim Grillen schmilzt das subkutane Fett langsam, tropft auf die Glut, erzeugt Rauch, der zurück auf das Fleisch schlägt. Das ist kein Zufall, das ist das Prinzip. Wer die Fettkappe entfernt, zerstört das Konzept. Wichtig beim Kauf: Eine echte Picanha wiegt zwischen 1,0 und 1,5 kg. Alles darüber ist kein sauberer Schnitt mehr – dann ist Tafelspitz oder Hüfte mit dabei. Die Fettkappe sollte gleichmäßig, mindestens 1 cm dick sein, ohne Lücken oder ausgedünnte Stellen. § Spieß oder indirekt – und warum die Fettseite zuerst kommt: Traditionell wird die Picanha in C-Form auf den Spieß gesteckt: Das Fleisch wird nicht aufgerollt, sondern so gebogen, dass die Fettkappe nach außen zeigt und die Schnittflächen frei liegen. Drei bis vier Stücke pro Spieß, jedes etwa 3–4 cm dick. Diese Form ist kein Ästhetik-Entscheid – sie sorgt dafür, dass das Fett gleichmäßig über die gesamte Oberfläche läuft, während sich der Spieß dreht. Wer keinen Drehspieß hat, arbeitet indirekt. Hier gilt: Fettseite nach oben in der indirekten Zone, Kerntemperatur auf 52–54 °C ziehen, dann kurz direkt über der Glut finishen. Die Fettkappe bekommt dabei ihren Sear zuletzt – das ist Absicht. Wer die Fettseite zu früh direkt über die Glut legt, riskiert Fettbrand, Bitterkeit und eine verbrannte Kruste, bevor das Fleisch gar ist. Temperatur: Churrasco lebt von echter Holzkohle oder Holz.
Pla Pao – Ganzer Fisch in Salzkruste vom Grill; Rezept; Tilapia/Barsch; Fortgeschritten; Pla Pao, Fisch Salzkruste, Gegrillter Fisch, Thailändisches Fischrezept; Steakakademie-Rezept: /rezepte/fisch/pla-pao-salzkruste; Thailändischer Klassiker: Ganzer Fisch in Salzkruste gegrillt. Saftig, aromatisch, mit knusprigem Äußeren. Authentisches Rezept mit Seafood-Dip. Basis: 2 Personen (Mengen linear pro Person umrechenbar). Methode: Salzkruste, direkt. Gesamtzeit: 40 Min. Zutaten (für 2 Personen): 1 Stück Ganzer Tilapia oder Barsch (800–1000g) (Ausgenommen und geschuppt), 500 g Grobes Meersalz (Himalaya-Salz oder Fleur de Sel), 3 Esslöffel Wasser (Für Salzteig), 2 Esslöffel Fischsoße (Nam Pla), 1 Limette Saft (Frisch gepresst), 2 Stück Rote Chilischoten (Fein gehackt), 3 Zehe Knoblauch (Gehackt), 1 Esslöffel Zucker (Palmzucker bevorzugt). Pla Pao ist der Beweis, dass Reduktion auf das Wesentliche keine Vereinfachung ist. Ein ganzer Fisch, grobes Salz, Holzkohle — und das Ergebnis schlägt jede aufwendige Zubereitung in Sachen Saftigkeit und Aromatiefe. Wer dieses Gericht einmal an einem Straßenstand in Bangkok gegessen hat, versteht sofort, warum es seit Generationen unverändert bleibt. § Die Physik der Salzkruste: Was hier wirklich passiert: Die Salzkruste ist kein Gimmick. Sie ist ein präzises Garwerkzeug, das auf zwei Mechanismen gleichzeitig wirkt. Osmose und Feuchtigkeitsregulation: Grobes Salz zieht initial Feuchtigkeit aus der Fischhaut. Diese Feuchtigkeit verbindet sich mit dem Salz zu einer Paste, die beim Erhitzen zu einer festen, porösen Kruste aushärtet. Porös ist dabei das entscheidende Wort — die Kruste ist kein hermetischer Verschluss. Sie reguliert den Dampfaustritt, ähnlich wie ein Dampfgarer mit kontrolliertem Ventil. Der Fisch gart im eigenen Dampf, verliert aber nicht unkontrolliert Flüssigkeit. Temperaturpuffer: Salz hat eine deutlich niedrigere Wärmeleitfähigkeit als Metall oder direktes Feuer. Die Kruste verteilt die Hitze gleichmäßig um den gesamten Fisch und verhindert lokale Überhitzung. Das Ergebnis ist ein gleichmäßig gegarter Fisch ohne trockene Stellen — selbst über direkter Holzkohle, die punktuell Temperaturen über 600°C erreicht. Warum kein Filet? Der ganze Fisch ist hier keine Tradition um der Tradition willen. Gräten, Haut und Kopf geben während des Garens Gelatine und Fett ab, die das Fleisch von innen befeuchten. Ein Filet in Salzkruste wäre technisch möglich, aber aromatisch deutlich flacher. § Equipment, Fischauswahl und die Salzmischung: Der Fisch: Tilapia ist der klassische Pla-Pao-Fisch in Thailand — günstig, fest im Fleisch, verträgt direkte Hitze gut. In Deutschland ist Wolfsbarsch (Branzino) die überlegene Wahl: feineres Fleisch, besseres Fett-Protein-Verhältnis, und er ist frisch verfügbar. Dorade funktioniert ebenfalls. Gewicht: 400–600g pro Fisch ist ideal. Größere Exemplare garen ungleichmäßig, weil die Kruste außen fertig ist, bevor die Mittelgräte die nötige Kerntemperatur erreicht.
Pork Chops mit Schoko-Pfeffer-Kruste – geräuchert über Apfelholz; Rezept; Schweinekotelett; Mittel; Pork Chops grillen, Schokolade Fleisch, Schweinekotelett räuchern, Kakao Rub, Foodpairing Kakao; Steakakademie-Rezept: /rezepte/fleisch/pork-chops-schoko-pfeffer; Schweinekoteletts mit Honig bepinselt, mit dunkler Schokolade, Kakao und geröstetem Pfeffer-Koriander bekrustet und im Apfelrauch indirekt gegart. Klingt verrückt, ist Aromenwissenschaft — Kakao und Fleischkruste teilen dieselben Röstaromen. Basis: 4 Personen (Mengen linear pro Person umrechenbar). Methode: Indirekt mit Apfelrauch, 160–180 °C. Gesamtzeit: 55 Min. Zutaten (für 4 Personen): 4 Stück Schweinekoteletts (je ca. 300 g, 3 cm dick, mit Knochen), 2 EL Akazienhonig, 1 EL Schwarzer Pfeffer (ganze Körner), 1 TL Koriandersaat (ganz), 20 g Edelbitter-Schokolade (70 % oder mehr, fein gehackt), 1 TL Kakaopulver (stark entölt, ungesüßt), 1 TL Meersalz (grob), 1 Handvoll Apfelholz-Chips (30 Minuten gewässert). Schokolade auf Schweinefleisch klingt nach Mutprobe — bis man versteht, dass die mexikanische Küche mit ihren Mole-Saucen seit Jahrhunderten genau das tut, und warum. Dieses Kursgericht ist die Grill-Destillation dieser Idee: kein Schokoladen-Dessert auf Fleisch, sondern Kakao als das, was er chemisch ist — ein Röstaromen-Konzentrat. § Die Wissenschaft: Kakao ist Kruste: Kakaobohnen werden geröstet wie Kaffee, und dabei entstehen dieselben Aromafamilien wie in einer dunklen Fleischkruste: Pyrazine, Strecker-Aldehyde, Röstphenole. Kakao und gegrilltes Fleisch teilen sich also einen erheblichen Teil ihres Aromaprofils — das ist exakt das Food-Pairing-Prinzip unserer Aroma-Datenbank, in der Kakao als Rind-Partner ganz oben steht. Die Edelbitter-Kruste schmeckt auf dem Kotelett deshalb nicht nach Dessert, sondern nach mehr Röstung: dunkler, tiefer, mit der feinen Bitterkeit, die brauner Zucker allein nie liefert. Die Architektur der Kruste hat drei Schichten: Der Honig klebt (und karamellisiert bei den moderaten 160–180 °C, ohne zu verbrennen), der geröstete Pfeffer-Koriander liefert Wärme und Zitrusnoten, die Schokolade plus Kakao schmilzt zur hauchdünnen, fast schwarzen Lackschicht. Der Apfelrauch legt sich als vierte Dimension darüber — mild genug, um die Kakaonoten zu stützen statt zu überdecken. § Warum indirekt und ungewendet: Schokolade verbrennt gnadenlos: Ab etwa 200 °C direkter Hitze kippen die Röstaromen in Bitterkeit. Deshalb gart das Kotelett ausschließlich indirekt, Kruste nach oben, und wird nie gewendet — die Schicht bleibt intakt, während die Umluft des geschlossenen Kessels das Fleisch gleichmäßig auf Temperatur bringt. Bei 60–62 °C vom Rost (nachziehend auf ~63 °C) bleibt ein dickes Kotelett zartrosa und saftig — im sicheren Bereich unserer Kerntemperatur-Referenz. § Häufige Fehler: Milchschokolade verwendet. Zu viel Zucker, zu wenig Kakao — die Kruste wird süß-klebrig statt tief. 70 % aufwärts. Direkt gegrillt oder gewendet. Verbrannte Schokolade ist unrettbar bitter, abgefallene Kruste liegt auf der Glut.
Porterhouse Steak perfekt grillen – Zwei Muskeln, ein Knochen; Rezept; Porterhouse; Fortgeschritten; Porterhouse grillen, Reverse Sear Methode, Zwei-Zonen-Grillen, Kerntemperatur 54 Grad, US-Steak Klassiker; Steakakademie-Rezept: /rezepte/fleisch/porterhouse-grill; Porterhouse grillen: Filet und Roastbeef gleichzeitig auf 54°C bringen. Profi-Anleitung für den US-Klassiker mit Reverse-Sear-Methode. Basis: 2 Personen (Mengen linear pro Person umrechenbar). Methode: Direkt + indirekt. Gesamtzeit: 60 Min. Zutaten (für 2 Personen): 2 Stück Porterhouse Steak (je 600–700g, 5cm Dicke) (Mindestens 24h vorher aus dem Kühlschrank nehmen), 15 g Meersalz (Grobes Kristallsalz, kurz vor dem Grillen), 5 g Schwarzer Pfeffer (Frisch gemahlen), 30 g Butter (Zum Basting in den letzten 5 Minuten), 3 Zehen Knoblauch (Gequetscht, zur Butter). Das Porterhouse ist kein Steak – es ist eine Entscheidung. Wer es bestellt oder zubereitet, bekennt sich zu Kompromisslosigkeit: maximale Fleischmasse, maximale Komplexität, maximaler Genuss. Und genau diese Komplexität ist das Problem, das die meisten Hobbygriller unterschätzen. --- § Zwei Muskeln, zwei Welten – die Anatomie verstehen: Ein Porterhouse besteht aus zwei fundamental verschiedenen Muskeln, getrennt durch den T-förmigen Lendenknochen. Auf der größeren Seite: das Roastbeef (Striploin), ein stark beanspruchter Muskel mit ausgeprägter Marmorierung und kräftigem Fleischgeschmack. Auf der kleineren Seite: das Filet (Tenderloin), der am wenigsten beanspruchte Muskel des Rindes – butterweich, fettarm, mild. Porterhouse oder T-Bone? Beide Cuts stammen aus dem Short Loin (hinterer Rücken, zwischen Rippe und Hüfte) und tragen denselben T-Knochen mit Roastbeef auf der einen und Filet auf der anderen Seite. Der einzige Unterschied ist die Größe des Filet-Auges: Beim Porterhouse (aus dem hinteren Short Loin geschnitten) misst das Filet mindestens 3,2 cm (1,25 inch) Breite, beim T-Bone (weiter vorne geschnitten) nur etwa 1,3 cm (0,5 inch). Daraus folgt die Faustregel: Jedes Porterhouse ist ein T-Bone — aber nicht jedes T-Bone ist ein Porterhouse. Genau dieses große Filet macht das Porterhouse zur anspruchsvolleren Aufgabe am Grill. Der entscheidende Unterschied liegt nicht im Geschmack, sondern in der Wärmeleitfähigkeit und Zieltemperatur. Beide Muskeln reagieren unterschiedlich auf Hitze: - Das Roastbeef verträgt höhere Temperaturen und profitiert von aggressiver Hitze. Sein intramuskuläres Fett schmilzt erst bei höheren Temperaturen vollständig und gibt Geschmack frei. - Das Filet ist bei 54 °C Kerntemperatur bereits perfekt – geht es darüber hinaus, verliert es seine charakteristische Textur und wird trocken, weil kaum Fett als Puffer vorhanden ist. Das Problem: Beide Muskeln sitzen auf demselben Steak. Wer das Porterhouse gleichmäßig über der Hitze positioniert, bekommt zwangsläufig einen Kompromiss – und Kompromisse beim Filet sind keine Option. Die Lösung ist zonales Grillen mit bewusster Positionierung. Das Filet zeigt immer zur kühleren Zone des Grills.
Pulled Chicken – Saftige Hähnchenschenkel räuchern; Rezept; Haehnchenschenkel; Einfach; Pulled Chicken räuchern, Hähnchenschenkel Low and Slow, BBQ Hähnchen Rezept, Einfaches Räucher-Rezept; Steakakademie-Rezept: /rezepte/fleisch/pulled-chicken; Zartes Pulled Chicken aus Hähnchenschenkeln: Low & Slow geräuchert bis 90°C, gezupft und in leichter Sauce. Das perfekte BBQ-Einsteigerrezept. Basis: 4 Personen (Mengen linear pro Person umrechenbar). Methode: Low and Slow. Gesamtzeit: 285 Min. Zutaten (für 4 Personen): 8 Stück Hähnchenschenkel mit Haut (ca. 2 kg Gesamtgewicht), 3 EL BBQ Dry Rub (Paprika, Knoblauch, Zucker, Salz, Pfeffer), 250 ml Leichte BBQ-Sauce (selbstgemacht oder hochwertig), 2 Handvoll Räucherholz-Chunks (Hickory oder Apfelholz), 1 Prise Meersalz (zum Nachwürzen). Pulled Chicken ist das, was passiert, wenn du die Geduld von Pulled Pork mit der Zugänglichkeit von Hähnchen kombinierst. Weniger Zeit, weniger Aufwand, aber dieselbe Philosophie: Kollagen brechen, Feuchtigkeit halten, Rauch arbeiten lassen. Wer einmal verstanden hat, warum Hähnchenschenkel bei 90 °C Kerntemperatur auseinanderfallen, kocht nie wieder trocken. --- § Warum Hähnchenschenkel – und nicht Brust: Die Entscheidung für Schenkel ist keine Kompromisslösung. Sie ist die richtige Entscheidung. Hähnchenbrust besteht fast ausschließlich aus schnell kontrahierenden Muskelfasern mit wenig intramuskulärem Fett und kaum Bindegewebe. Erhitzt du sie über 75 °C, verliert sie Feuchtigkeit schneller als sie Struktur aufbaut. Das Ergebnis: Werg. Schenkel dagegen sind Arbeitsmuskulatur. Mehr Myoglobin (daher das dunklere Fleisch), mehr intramuskuläres Fett, und entscheidend: mehr Kollagen. Genau dieses Kollagen ist der Schlüssel. Ab etwa 70–75 °C beginnt Kollagen zu Gelatine zu hydrolysieren – ein Prozess, der Zeit braucht, aber das Fleisch von innen saftig hält und beim Zupfen diese charakteristische, leicht klebrige Textur erzeugt. Ohne Knochen verlierst du außerdem Geschmack: Der Knochen gibt während des Garprozesses Mineralstoffe und Fett ab, die direkt ins Fleisch wandern. Zielkerntemperatur: 88–92 °C. Nicht 74 °C wie bei konventionell gegartem Hähnchen. Pulled Chicken braucht Übertemperatur, um zu funktionieren. --- § Setup, Rauch und der richtige Ablauf: Smoker oder Kugelgrill – beides funktioniert, wenn du indirekte Hitze und stabile Temperaturen hinbekommst. Zieltemperatur im Garraum: 120–135 °C. Niedriger als bei Pulled Pork, weil Hähnchen weniger Masse hat und schneller auf Temperaturschwankungen reagiert. Holzwahl: Fruchthölzer sind hier klar überlegen. Apfel oder Kirsche liefern einen milden, leicht süßlichen Rauch, der das Hähnchen nicht erschlägt. Hickory funktioniert, aber dosiert – ein halbes Chunk reicht. Mesquite ist zu aggressiv für Geflügel. Rub: Weniger ist mehr. Salz, Paprika (edelsüß und geräuchert), Knoblauchpulver, etwas Cayenne. Kein Zucker in großen Mengen – bei 120 °C verbrennt er nicht, aber er karamellisiert schnell und kann die Haut bitter machen, wenn du sie später noch knusprig willst.
Pulled Pork aus Boston Butt | Smoker-Klassiker; Rezept; Schweineschulter; Mittel; Pulled Pork Rezept, Boston Butt Smoker, Low and Slow Grillen, Texas Crutch Methode; Steakakademie-Rezept: /rezepte/fleisch/pulled-pork-boston-butt; Saftiges Pulled Pork aus der Schweineschulter. 12h Low & Slow bei 110°C mit Overnight-Rub, Spritz und Texas Crutch. Schritt-für-Schritt zum perfekten Bark. Basis: 8 Personen (Mengen linear pro Person umrechenbar). Methode: Low & Slow. Gesamtzeit: 2160 Min. Zutaten (für 8 Personen): 2 kg Boston Butt (Schweineschulter ohne Knochen) (Zimmertemperatur vor dem Rauchen), 3 EL Paprikapulver (edelsüß) (Basis des Rubs), 2 EL brauner Zucker (für Bark-Bildung), 1 EL Knoblauchpulver, 1 EL Zwiebelpulver, 1 EL Cayennepfeffer (optional, für Schärfe), 1 TL schwarzer Pfeffer (frisch gemahlen), 1 TL Meersalz, 250 ml Apfelessig (für Spritz ab Stunde 4), 250 ml Apfelsaft (für Spritz), 2 EL Butter (für Texas Crutch). Pulled Pork ist kein Rezept — es ist ein Geduldsbeweis. Wer verstehen will, warum 12 Stunden Rauch und Hitze aus einem günstigen Stück Schweineschulter etwas Außergewöhnliches machen, muss tiefer schauen als die Kerntemperatur. --- § Warum der Boston Butt das perfekte Pulled-Pork-Stück ist: Der Name verwirrt: Boston Butt kommt nicht vom Hinterteil, sondern von der oberen Schulter — genauer gesagt dem Nacken-Schulter-Übergang. Der Begriff stammt aus dem kolonialen Neuengland, wo Metzger das Stück in Fässern ("butts") transportierten. Was diesen Cut auszeichnet, ist seine Zusammensetzung. Ein 2,5-kg-Stück ohne Knochen enthält rund 30–35 % intramuskuläres Fett und Bindegewebe — hauptsächlich Kollagen. Genau das ist der Schlüssel. Bei Temperaturen zwischen 70 und 85°C beginnt Kollagen zu Gelatine zu hydrolysieren. Dieser Prozess braucht Zeit. Viel Zeit. Hohe Hitze beschleunigt ihn nicht sinnvoll — sie trocknet das Fleisch aus, bevor das Kollagen vollständig umgewandelt ist. Das Ziel von 93°C Kerntemperatur ist deshalb kein willkürlicher Wert. Bei dieser Temperatur ist der Großteil des Kollagens konvertiert, die Muskelstränge haben ihre Struktur verloren, und das Fleisch lässt sich mit zwei Gabeln — oder besser: mit den Händen — in lange, saftige Fasern zerrupfen. Wer bei 88°C aufhört, beißt auf Widerstand. Wer auf 96°C geht, riskiert trockene Fasern. --- § Overnight-Rub, Spritz und Texas Crutch: Die drei Phasen des Prozesses: Phase 1: Der Overnight-Rub Ein guter Rub für Boston Butt basiert auf Salz, braunem Zucker, Paprika (edelsüß und geräuchert), schwarzem Pfeffer, Knoblauchpulver und Cayenne. Das Verhältnis: Salz und Zucker dominieren, der Rest ist Aromatur. Mindestens 12 Stunden Ruhezeit im Kühlschrank sind kein Luxus — das Salz zieht in die äußeren Schichten, beginnt Proteine zu denaturieren und schafft die Grundlage für eine dichte, aromatische Bark. Die Bark entsteht durch Maillard-Reaktion und Karamellisierung an der Oberfläche. Feuchtigkeit ist ihr Feind. Deshalb: Rub auftragen, offen in den Kühlschrank, Oberfläche antrocknen lassen.
Ribeye Sous-Vide: Perfektes Steak auf den Punkt; Rezept; Ribeye; Mittel; Ribeye sous-vide rezept, steak sous-vide medium rare, ribeye perfekt zubereiten, sous-vide steak temperatur; Steakakademie-Rezept: /rezepte/fleisch/ribeye-sous-vide; Das präziseste Rezept für ein Medium-Rare Ribeye — mit exakter Temperatursteuerung, interaktivem Portionsrechner und Schritt-für-Schritt Koch-Coach. Basis: 2 Personen (Mengen linear pro Person umrechenbar). Methode: Sous-Vide. Gesamtzeit: 155 Min. Zutaten (für 2 Personen): 2 Stück Ribeye-Steak (je ca. 400 g, mind. 3 cm Dicke, USDA Choice oder höher), 20 g grobes Meersalz, 4 g schwarzer Pfeffer (frisch aus der Mühle), 2 EL Olivenöl (zum Anbraten, hocherhitzbares Öl), 30 g Butter (kalt, für das Arrosieren), 3 Zehen Knoblauch (leicht angedrückt, ungeschält), 4 Zweige frischer Thymian, 2 Zweige frischer Rosmarin, 1 Prise Fleur de Sel (zum Abschluss). Das Sous-Vide-Verfahren ist die einzige Methode, die ein Ribeye mit 100%iger Reproduzierbarkeit auf den Punkt bringt — kein Raten, keine Toleranzen, kein Übergaren. Der interaktive Koch-Coach unten führt dich durch jeden Schritt. § Warum Sous-Vide für Ribeye die richtige Wahl ist: Beim konventionellen Grillen oder Braten fährt die Kerntemperatur durch ein Temperaturgefälle: der Außenrand ist weit übergart, bevor die Mitte die Zieltemperatur erreicht. Das Ergebnis: ein grauer Ring außen, ein kleines rotes Fenster in der Mitte. Sous-Vide eliminiert dieses Gefälle vollständig. Das gesamte Steak liegt exakt bei 55 °C — von der Oberfläche bis zum Kern. Der anschließende Hochtemperatur-Sear dauert nur 60–90 Sekunden pro Seite und erzeugt den Crust, ohne die Innentemperatur signifikant zu erhöhen. Das Ribeye ist der mit Abstand fettreichste Premium-Cut — genau diese intramuskuläre Fettmarmorierung macht Sous-Vide so effektiv: Das Fett schmilzt langsam und gleichmäßig über zwei Stunden, statt punktuell unter dem Grill zu verbrennen. § Die Wissenschaft hinter 55 °C: Die Kerntemperatur bestimmt den Garzustand — nicht die Garzeit. Bei 55 °C passiert folgendes im Ribeye-Muskel: - Myosin denaturiert bei 50–55 °C — das Steak verliert seine rohe Konsistenz und wird "medium" - Aktin bleibt bei 65 °C noch intakt — keine zähe Übergarung - Intramuskuläres Fett schmilzt gleichmäßig durch das gesamte Fleisch Das Ergebnis ist eine Textur, die konventionelles Grillen strukturell nicht erreichen kann: gleichmäßig zart von Rand zu Rand. § Das richtige Ribeye kaufen: Nicht jedes Ribeye eignet sich für Sous-Vide. Die Mindestanforderungen: - Dicke: mindestens 3 cm — bei dünneren Steaks lohnt sich der Aufwand nicht - Marmorierung: USDA Choice oder höher, BMS-Score ≥ 4 bei japanischen Cuts - Reifung: mindestens 21 Tage Dry-Age oder 28 Tage Wet-Age Bei frisch vakuumiertem Wet-Aged-Fleisch sollte das sogenannte "purge" (der rote Fleischsaft im Beutel) abgespült und das Steak trockengetupft werden, bevor es neu vakuumiert wird. § Häufige Fehler — und wie du sie vermeidest: Fehler 1: Zu niedrige Sear-Temperatur.
Rinder-Tacos vom günstigen Cut – mit der Natron-Methode zart; Rezept; Rindernacken; Einfach; Rinder Tacos, günstige Cuts grillen, Natron Methode Fleisch, Carne Asada, quer zur Faser schneiden; Steakakademie-Rezept: /rezepte/fleisch/rinder-tacos-guenstiger-cut; Tacos mit Rindernacken statt Filet: Die asiatische Natron-Methode macht günstige Cuts zart. Heiß gegrillt, quer zur Faser geschnitten. Basis: 2 Personen (Mengen linear pro Person umrechenbar). Methode: direkt. Gesamtzeit: 48 Min. Zutaten (für 2 Personen): 400 Gramm Rindernacken (Dicke: 2 cm) (Direkt aus dem Kühlschrank verarbeiten, nicht temperieren), 1 Teelöffel Natron (Gestrichen. Zum Zartmachen — wird vollständig abgespült), 1 Teelöffel Meersalz (Grob), 1 Esslöffel Öl (Hoch erhitzbar, zum Einölen des Fleisches), 6 Stück Maistortillas (Klein, ca. 12 cm), 1 Stück Weiße Zwiebel (Fein gewürfelt), 2 Stück Frühlingszwiebeln (In feine Ringe geschnitten), 1 Bund Koriander (Blätter grob gezupft), 4 Esslöffel Rote Salsa (Fertig oder selbst gemacht), 1 Teelöffel Schwarzer Pfeffer (Erst nach dem Grillen. Vorher verbrennt er). Ein Taco braucht kein Filet. Er braucht Hitze, den richtigen Schnitt und einen Trick, den in Asien jede Garküche kennt. § Warum der günstige Cut hier der richtige ist: Rindernacken kostet einen Bruchteil eines Ribeye und hat mehr Geschmack als die meisten Edelcuts. Was ihm fehlt, ist Zartheit — er ist ein Arbeitsmuskel mit viel Bindegewebe. Genau dafür gibt es die Natron-Methode. Natron hebt den pH-Wert an der Fleischoberfläche an. Muskelproteine ziehen sich dadurch beim Erhitzen weniger stark zusammen, und weniger Kontraktion bedeutet weniger ausgepresster Saft und weniger Zähigkeit. In der asiatischen Küche heißt das Verfahren velveting und steckt hinter jedem zarten Rindfleisch im Wok. Zwei Regeln entscheiden über Erfolg oder Fehlschlag: nicht zu lange, und danach gründlich abspülen. Wer das Natron am Fleisch lässt, schmeckt es — metallisch und seifig. § Die fünf Fehler, an denen Tacos scheitern: Übergarung. Bei einem 2-cm-Stück vom Nacken sind 54 °C das Ziel. Jedes Grad darüber arbeitet gegen dich. Der falsche Cut ohne Vorbehandlung. Nacken ohne Natron ist zäh, egal wie gut gegrillt. Nacken mit Natron ist ein anderes Stück Fleisch. Zu wenig Hitze beim Auflegen. Der Grill muss stehen, bevor das Fleisch draufkommt. Bei dünnen Steaks ist das entscheidend, weil das Zeitfenster für die Kruste winzig ist. Pfeffer vor dem Grillen. Pfeffer und die meisten Gewürze verbrennen bei diesen Temperaturen und werden bitter. Salz vorher, alles andere danach. Längs zur Faser geschnitten. Der teuerste Fehler, weil er ein perfekt gegartes Stück zerstört. Zehn Sekunden hinsehen, dann schneiden. § Was du hier lernst und mitnimmst: Die Natron-Methode funktioniert bei jedem preiswerten Cut: Nacken, falsches Filet, Schaufelstück. Sie ist der Hebel, mit dem gutes Grillen unabhängig vom Fleischpreis wird. Nicht geeignet sind Ochsenbacke und Ochsenschwanz.
Rinderhüfte „Smoky" – Räuchern auf dem Gasgrill mit Räucherbox; Rezept; Rinderhüfte; Mittel; Räuchern Gasgrill, Räucherbox Gasgrill, Rinderhüfte grillen, Smoken ohne Smoker, Hüftbraten BBQ; Steakakademie-Rezept: /rezepte/fleisch/rinderhuefte-gasgrill-smoke; Ganze Rinderhüfte mit Gewürzbutter-Kruste, langsam bei 140–160 °C im Rauch der Räucherbox gegart — der Beweis, dass echtes BBQ-Aroma auch auf dem Gasgrill funktioniert. Kerntemperatur 58 °C, zartrosa. Basis: 6 Personen (Mengen linear pro Person umrechenbar). Methode: Indirekt mit Räucherbox, Gasgrill. Gesamtzeit: 150 Min. Zutaten (für 6 Personen): 1.5 kg Rinderhüfte (am Stück, pariert, mit dünner Fettauflage), 60 g Butter (geschmolzen), 1 EL Ingwer (frisch, geschält), 2 Zehen Knoblauch, 1 EL Bunter Pfeffer (ganz), 1 TL Piment (ganze Körner), 1 TL Chiliflocken, 1 EL Meersalz (grob), 1 EL Brauner Zucker, 50 ml Madeira (oder Portwein — zum Feuchthalten), 2 Handvoll Räucherchips (30 Minuten gewässert). Die häufigste Ausrede gegen echtes BBQ lautet: „Ich habe ja nur einen Gasgrill." Dieses Rezept räumt sie ab. Eine Räucherbox, zwei Handvoll Chips und die richtige Brennerführung machen aus jedem Zwei-Brenner-Gasgrill einen tauglichen Smoker — und aus der günstigen Rinderhüfte einen zartrosa Braten mit echtem Raucharoma. § Räuchern auf Gas: die Physik der Box: Raucharoma entsteht, wenn Holz bei 300–400 °C schwelt statt verbrennt — dabei entstehen die Phenole (Guajacol, Syringol), die wir als „rauchig" schmecken. Auf dem Holzkohlegrill erledigt das die Glut; auf dem Gasgrill übernimmt die Räucherbox: Das Metallgehäuse sitzt direkt über der Flamme, wird von unten erhitzt und bringt die gewässerten Chips kontrolliert zum Schwelen, während die Löcher den Rauch in den Garraum entlassen. Das Wässern verlangsamt den Prozess — statt in zehn Minuten zu verpuffen, raucht die Füllung eine halbe Stunde. Zwei Dinge entscheiden über die Qualität. Erstens die Rauchfarbe: dünner, fast bläulicher Rauch trägt saubere Aromen; dicker weißer Qualm bedeutet unvollständige Verschwelung und legt Bitterstoffe aufs Fleisch. Zweitens das Timing: Rauchpartikel kondensieren bevorzugt auf kühlen, feuchten Oberflächen — deshalb nimmt das Fleisch in der ersten Stunde am meisten Aroma an, und deshalb wird die Hüfte mit Madeira feucht gehalten. Später nachgelegte Chips bringen immer weniger. § Warum die Hüfte — und warum 58 °C: Die Rinderhüfte ist das unterschätzteste Bratenstück des Rinds: mager, feinfaserig, mit kräftigem Rindergeschmack — und halb so teuer wie Roastbeef. Ihre Schwäche ist ihre Magerkeit: Ohne Fettpolster verzeiht sie kein Übergaren. Bei 140–160 °C Garraumtemperatur wandert die Wärme langsam und gleichmäßig zum Kern; bei 58 °C vom Grill genommen und auf ~60 °C nachgezogen, steht sie auf dem Punkt zwischen rosa und saftig. Die Gewürzbutter-Kruste arbeitet währenddessen doppelt: Das Butterfett verhindert das Austrocknen der Oberfläche, und Zucker plus geröstete Gewürze bauen die dunkle Kruste. § Häufige Fehler: Trockene Chips verwendet.
Roastbeef Reverse Sear – Britischer Sonntagsbraten perfekt; Rezept; Roastbeef; Fortgeschritten; Roastbeef Reverse Sear, Britischer Sonntagsbraten, Niedrigtemperaturgaren, Perfektes Roastbeef grillen; Steakakademie-Rezept: /rezepte/fleisch/roastbeef-reverse-sear; Roastbeef im Reverse-Sear-Verfahren: Niedrig garen auf 52°C Kerntemperatur, dann scharf angrillen. Zartes Fleisch mit knuspriger Kruste. Basis: 6 Personen (Mengen linear pro Person umrechenbar). Methode: Reverse Sear. Gesamtzeit: 210 Min. Zutaten (für 6 Personen): 1 kg Roastbeef (Stück aus der Hochrippe oder Rostbraten) (Zimmertemperatur vor Garen), 2 EL Meersalz (Grobes Kristallsalz), 1 TL Schwarzer Pfeffer (Frisch gemahlen), 1 TL Knoblauchpulver (Optional), 30 g Butter (Zum Basting nach dem Sear), 2 Zweige Frischer Rosmarin (Für Aromastoff beim Garen). Der britische Sunday Roast ist kein Rezept — er ist ein Ritual. Roastbeef, dünn aufgeschnitten, rosa bis in den letzten Millimeter: Das gelingt mit klassischer Ofenhitze nur durch Glück. Mit Reverse Sear gelingt es durch Physik. § Warum Reverse Sear das Roastbeef-Problem löst: Traditionell landet das Roastbeef bei 200°C in den Ofen. Das Ergebnis: eine graue Übergangszone von außen nach innen, ein schmaler rosa Kern — und die Scheiben am Rand sind bereits durchgegart, bevor jemand nachschöpft. Das Problem ist thermodynamisch: Hohe Außenhitze treibt die Temperatur von außen nach innen schneller, als das Fleisch gleichmäßig reagieren kann. Reverse Sear dreht die Reihenfolge um. Erst kommt die niedrige indirekte Hitze — 110 bis 120°C Garraum — bis der Kern 52°C erreicht. Dann folgt der scharfe Sear bei 300°C aufwärts, der die Maillard-Reaktion auslöst und die Kruste erzeugt. Das Ergebnis: Das Fleisch ist von Rand zu Rand gleichmäßig rosa. Keine graue Zone. Keine Kompromisse. Der physikalische Grund: Bei niedriger Gartemperatur gleicht sich die Kerntemperatur langsam und gleichmäßig an. Die Temperaturdifferenz zwischen Oberfläche und Kern bleibt gering. Beim anschließenden Sear ist die Einwirkzeit so kurz — 60 bis 90 Sekunden pro Seite — dass die Hitze kaum in die Tiefe eindringt. Das Ergebnis ist eine dünne, intensive Kruste über einem perfekt gegarten Inneren. Ein weiterer Vorteil: Das Fleisch ist nach dem Niedrigtemperatur-Garen bereits entspannt. Die Muskelproteine haben sich bei moderater Hitze kontrahiert, aber nicht ausgewrungen. Ruhezeit nach dem Sear? Minimal. Fünf Minuten reichen, weil der Temperaturausgleich bereits stattgefunden hat. § Fleischauswahl, Schnittführung und Equipment: Für den britischen Sonntagsbraten ist das Roastbeef — also der Rücken ohne Filet, auf Englisch Striploin Roast oder Sirloin Joint — die klassische Wahl. Kaufe ein Stück mit mindestens 1,5 kg, besser 2 kg aufwärts. Dünnere Stücke garen zu schnell durch, die Kontrolle über den Kern wird schwieriger. Die Fettauflage bleibt dran — sie schützt beim Sear und gibt Geschmack. Qualität: Mindestens 21 Tage Trockenreifung. Wer Zugang zu Dry-Aged-Ware hat, nutzt ihn hier.
Gegrillte Romana-Salatherzen – Röstaromen treffen Knackigkeit; Rezept; Romana-Salatherz; Einfach; Salat grillen, Romana Salatherzen Grill, Gegrillter Salat, Grill-Beilage schnell, Vegetarisch grillen; Steakakademie-Rezept: /rezepte/beilagen/romana-salatherzen-grill; Mini-Romana-Herzen halbiert und scharf über direkter Hitze angegrillt: karamellisierte Schnittfläche, knackiger Kern, dazu Zitrone und Parmesan. In fünf Minuten fertig. Basis: 4 Personen (Mengen linear pro Person umrechenbar). Methode: Direkt, hohe Hitze. Gesamtzeit: 15 Min. Zutaten (für 4 Personen): 4 Stück Mini-Romana-Salatherzen, 3 EL Olivenöl, 0.5 Stück Zitrone (Saft und etwas Abrieb), 30 g Parmesan (gehobelt), 1 Prise Meersalz (grob), 1 Prise Schwarzer Pfeffer (frisch gemahlen). Salat auf den Grill zu legen wirkt auf den ersten Blick wie ein Missverständnis — und ist in Wahrheit angewandte Aromenlehre. Genau deshalb gehört dieses Rezept in jeden Grundkurs: Es zeigt in fünf Minuten, was Röstung mit einem Lebensmittel macht. § Warum ausgerechnet Romana: Romana-Herzen bringen zwei Dinge mit, die kaum ein anderer Salat hat: einen festen, wasserreichen Strunk, der die Hälfte beim Grillen zusammenhält, und dicht geschichtete Blätter, die Hitze nur langsam nach innen lassen. Die Schnittfläche kann also rösten, während der Kern kühl und knackig bleibt. Ein lockerer Kopfsalat würde schlicht zusammenfallen. § Die Chemie der Schnittfläche: Auf der heißen Schnittfläche passiert dasselbe wie auf einem Steak: Zucker und Aminosäuren der Zellsäfte reagieren zu Röstaromen — die Schnittfläche wird nussig, leicht bitter-süß und bekommt diese dunklen Grillmarken, die sofort Appetit auslösen. Die milden Bitterstoffe des Romana verbinden sich dabei mit der Röstung, statt gegen sie zu stehen. Zitrone und Parmesan sind kein Deko-Einfall: Säure frischt die warmen Röstnoten auf, der salzig-würzige Käse liefert die Umami-Tiefe. Entscheidend ist Geschwindigkeit. Zwei bis drei Minuten hohe direkte Hitze rösten die Oberfläche, bevor die Wärme den Kern erreicht. Wer zu lange grillt oder den Deckel schließt, dünstet den Salat — dann wird er warm, weich und bitter statt geröstet und knackig. § Häufige Fehler: Gewaschene, nasse Herzen aufgelegt. Das Wasser muss erst verdampfen, bevor Röstung beginnt — in der Zeit ist der Salat schon welk. Trocken arbeiten. Gewendet oder bewegt. Die Blattseite hat auf dem Rost nichts verloren. Eine Seite, ein Durchgang, fertig. Zu früh gewürzt und zu spät serviert. Salz zieht Wasser, der Kontrast warm/kalt lebt vom Timing. Anrichten und sofort auf den Tisch.
Ganze Rotbarbe vom Grill – Mittelmeer-Klassiker; Rezept; Rotbarbe; Mittel; Rotbarbe grillen, Ganzer Fisch grill, Mittelmeer Fischrezept, Rouget grill; Steakakademie-Rezept: /rezepte/fisch/rotbarbe-grill; Knusprige Rotbarbe im Ganzen gegrillt mit Olivenöl, Zitrone und Thymian. Zartes weißes Fleisch, charakteristische rötliche Haut. Mittelmeer-Authentizität. Basis: 2 Personen (Mengen linear pro Person umrechenbar). Methode: Direkt, im Ganzen. Gesamtzeit: 27 Min. Zutaten (für 2 Personen): 2 Stück Rotbarben (je 300–350g) (Frisch, ausgenommen, Kiemen entfernt), 60 ml Natives Olivenöl Extra (Hochwertig, fruchtiges Aroma), 8 g Meersalz (Grobes Kristallsalz), 1 Stück Zitrone (In Scheiben geschnitten), 6 Zweige Frischer Thymian (Oder Oregano), 2 g Schwarzer Pfeffer (Frisch gemahlen). Die Rotbarbe ist einer der ehrlichsten Fische des Mittelmeers: klein, intensiv, kompromisslos im Geschmack. Wer sie einmal richtig gegrillt hat — Haut knusprig wie Pergament, Fleisch saftig und mit dieser charakteristischen, leicht jodig-nussigen Tiefe — versteht, warum französische Köche sie rouget de roche nennen und damit keinen Verhandlungsspielraum lassen. --- § Warum die Rotbarbe im Ganzen gegrillt wird: Kleine Fische im Ganzen zu grillen ist keine Nostalgie — es ist Physik. Die Gräten und die Mittelgräte fungieren als Wärmeleiter von innen, während Haut und Schuppen die Außenseite vor direkter Hitze schützen. Das Ergebnis: Das Fleisch gart gleichmäßiger als bei Filets, die auf einer Seite verbrennen, bevor die andere Seite überhaupt warm ist. Bei der Rotbarbe kommt ein weiterer Faktor hinzu: die Leber. Traditionell wird sie beim Ausnehmen belassen — sie ist mild, cremig und gibt dem Fleisch beim Garen eine zusätzliche Geschmacksdimension. Wer das zum ersten Mal hört, ist skeptisch. Wer es probiert, lässt sie drin. Die rötlich-rosa Haut der Rotbarbe enthält Carotinoide aus ihrer Nahrung (hauptsächlich Krebstiere und Garnelen). Diese Pigmente sind hitzebeständig und sorgen dafür, dass der Fisch auch nach dem Grillen seine charakteristische Farbe behält — ein optisches Signal, das gleichzeitig auf den Geschmack hinweist. Intensiv rote Haut bedeutet: dieser Fisch hat gut gefressen. Kerntemperatur: 55–58 °C im dicksten Punkt hinter dem Kopf. Darüber wird das Fleisch trocken und verliert seine Textur. Ein Sofortmessthermometer ist hier kein Luxus, sondern Präzisionswerkzeug. --- § Equipment und Technik: Warum der Grillrost entscheidet: Rotbarben sind klein — typisch 150–300 g pro Stück. Das bedeutet: kurze Garzeiten, hohe direkte Hitze, und ein Grillrost, der nicht klebt. Wer hier mit einem kalten, schlecht eingeölten Rost arbeitet, reißt die Haut auf und verliert alles, wofür man den Fisch gekauft hat. Der richtige Ansatz: Gusseiserner Rost oder ein Fischkorb (Grillkorb) sind die sinnvollsten Optionen. Den Rost mindestens 10 Minuten bei voller Hitze vorheizen, dann mit einem in Öl getränkten Tuch einreiben — direkt vor dem Auflegen des Fisches, nicht früher.
Sardinen vom Grill – knusprig, salzig, mediterran; Rezept; Sardinen; Einfach; Sardinen grillen, Fisch vom Grill, Direkter Hitze, Mittelmeer-Rezept, Knusprige Fischaut; Steakakademie-Rezept: /rezepte/fisch/sardinen-vom-grill; Ganze Sardinen über direkter Glut gegrillt. 2–3 Min. je Seite, knusprige Haut, zartes Fleisch. Meersalz, Zitrone, Olivenöl. Basis: 4 Personen (Mengen linear pro Person umrechenbar). Methode: Sehr heiß über Glut. Gesamtzeit: 16 Min. Zutaten (für 4 Personen): 8 Stück Frische Sardinen (Ganz, ausgenommen, 150–200g pro Stück), 2 TL Grobes Meersalz (Fleur de Sel oder Atlantik-Meersalz), 1 Stück Zitrone (Zum Auspressen), 4 EL Natives Olivenöl Extra (Zum Beträufeln), 1 Prise Schwarzer Pfeffer (Frisch gemahlen, optional). Wer einmal an der Algarve oder in Lissabons Alfama-Viertel frische Sardinen über Holzkohle gegessen hat, versteht sofort: Das ist kein Essen, das man verbessern muss. Es ist eines, das man nur ruinieren kann. Grobes Salz, extreme Hitze, eine Handvoll Minuten — und ein Fisch, der seit Jahrtausenden das Mittelmeer ernährt, zeigt, warum Einfachheit die höchste Disziplin am Grill ist. § Die Maillard-Reaktion trifft auf Fischfett: Was hier chemisch passiert: Sardinen sind Fettsäure-Bomben. Ihr Fleisch enthält 8–12 % Fett, davon ein erheblicher Anteil langkettige Omega-3-Fettsäuren (EPA und DHA). Dieses intramuskuläre Fett ist der entscheidende Faktor dafür, warum Sardinen bei extremer Hitze nicht austrocknen, sondern sich quasi selbst begießen. Wenn die silbrige Haut auf den heißen Rost trifft — und mit heiß meine ich 300 °C und mehr direkt über der Glut — passieren zwei Dinge gleichzeitig: Die Maillard-Reaktion setzt zwischen den Aminosäuren des Hautproteins und den reduzierenden Zuckern ein, und das subkutane Fett beginnt zu rendern. Das Ergebnis ist eine Haut, die sich von innen heraus mit Fett imprägniert, während sie von außen karamellisiert und stellenweise verkohlt. Diese kontrollierten Verkohlungspunkte — schwarz, bitter, aromatisch — sind kein Fehler. Sie sind das Ziel. Das Fleisch selbst gart in diesen 2–3 Minuten pro Seite durch Wärmeleitung von der Haut nach innen. Die Kerntemperatur sollte 60–65 °C erreichen, aber bei Sardinen misst man nicht — man liest den Fisch. Wenn sich das Fleisch an der dicksten Stelle, direkt hinter dem Kopf, leicht vom Rückgrat löst und die Augen weiß geworden sind, ist er fertig. § Equipment, Vorbereitung und die Frage des Rosts: Der größte Fehler beginnt vor dem Grill. Sardinen müssen trocken auf den Rost. Feuchtigkeit auf der Haut bedeutet Dampf statt Sear, und Dampf bedeutet weiche, klebende Haut, die am Rost hängt. Die Fische nach dem Waschen mindestens 20 Minuten auf Küchenpapier auslegen, dann erst salzen. Das grobe Meersalz zieht in den ersten Minuten Restfeuchtigkeit aus der Haut — ein gewollter Effekt, der die Oberfläche weiter trocknet und gleichzeitig die Würzung tief in die Haut einarbeitet. Der Rost: Ein sauberer, gut eingeölter Rost ist Pflicht.
Espresso-BBQ-Sauce – Röstaroma trifft Röstaroma; Rezept; Sauce; Einfach; Espresso BBQ Sauce, Kaffee BBQ Sauce, BBQ Sauce selber machen, Steak Sauce, Foodpairing Kaffee Rind; Steakakademie-Rezept: /rezepte/saucen-rubs/saucen-espresso-bbq; BBQ-Sauce mit frischem Espresso: Kaffee und gegrilltes Rind teilen dieselben Röst-Pyrazine — deshalb harmoniert diese Sauce wissenschaftlich belegt mit jedem dunklen Steak. In 30 Minuten reduziert. Basis: 4 Personen (Mengen linear pro Person umrechenbar). Methode: Reduzieren, Topf oder Seitenkocher. Gesamtzeit: 40 Min. Zutaten (für 4 Personen): 1 Stück Zwiebel (klein, fein gewürfelt), 1 Zehe Knoblauch (fein gehackt), 1 EL Olivenöl, 100 ml Espresso (frisch gebrüht, doppelter Shot + Verlängerung), 150 ml Ketchup, 2 EL Brauner Zucker, 2 EL Balsamico-Essig, 1 TL Geräuchertes Paprikapulver, 0.5 TL Kreuzkümmel (gemahlen), 0.5 TL Chiliflocken (nach Geschmack). Kaffee an Fleisch klingt nach Effekthascherei — ist aber das Gegenteil: eines der am besten belegten Foodpairings überhaupt. Diese Sauce ist das Rezept gewordene Argument dafür. § Warum Espresso und Steak zusammengehören: Beim Rösten von Kaffeebohnen und beim scharfen Grillen von Rindfleisch läuft dieselbe Chemie ab: die Maillard-Reaktion. Beide entwickeln dabei dieselbe Familie von Schlüssel-Aromastoffen — vor allem Röst-Pyrazine, dazu Strecker-Aldehyde. Kaffee und dunkel gegrilltes Rind teilen sich also einen Teil ihres Aromaprofils auf Molekülebene. Genau das ist das Food-Pairing-Prinzip: Was gemeinsame Schlüsselaromen hat, verstärkt sich gegenseitig, statt zu konkurrieren. Der Espresso in der Sauce macht das Steak röstiger, tiefer, „fleischiger" — er schmeckt nicht nach Kaffeetasse, sondern nach mehr Kruste. Probier es im Foodpairing-Tool auf der Startseite aus: „Rind" eingeben — Kaffee steht ganz oben, mit den geteilten Molekülen als Begründung. § Die Architektur der Sauce: Jede gute BBQ-Sauce balanciert vier Pole: Süße (Zwiebel, brauner Zucker), Säure (Balsamico), Tiefe (Espresso, Räucherpaprika) und Schärfe (Chili). Der Espresso übernimmt hier die Rolle, die sonst Rauch oder Whiskey spielen — er liefert die dunkle, leicht bittere Basis, gegen die die Süße erst interessant wird. Deshalb: einen kräftigen, frisch gebrühten Espresso verwenden. Alter Filterkaffee bringt Säure ohne Rösttiefe. Die Reduktion ist kein optionaler Schritt. Erst beim Einkochen verbinden sich die Pole zu einer Sauce; vorher schmeckt sie nach ihren Einzelteilen. § Wozu sie passt: Zu allem mit dunkler Kruste: Ribeye, Prime Rib, Brisket, Burnt Ends — und überraschend gut zu Pulled Pork. Als Glasur die letzten Minuten aufpinseln oder kalt als Dip servieren. Im Kühlschrank hält sie im sauberen Schraubglas gut eine Woche. § Häufige Fehler: Filterkaffee statt Espresso. Zu viel Wasser, zu wenig Röstung — die Sauce wird sauer statt tief. Zu kurz reduziert. Eine dünne Sauce läuft vom Fleisch und schmeckt wässrig. Der Löffelrücken-Test entscheidet. Auf dem Grill zu früh aufgepinselt.
Warm geräucherter Schafskäse mit Tomaten – Käse aus dem Rauch; Rezept; Schafskäse; Einfach; Käse räuchern, Schafskäse Grill, Feta gegrillt, Vegetarisch räuchern, Vorspeise Grill; Steakakademie-Rezept: /rezepte/beilagen/schafskaese-warm-geraeuchert; Schafskäse in der Schale sanft warm geräuchert, bis er cremig wird und Rauchgold annimmt, dazu marinierte Tomaten und Kräuter. Die vegetarische Räucher-Vorspeise, die zeigt: Rauch kann auch ohne Fleisch. Basis: 4 Personen (Mengen linear pro Person umrechenbar). Methode: Indirekt mit Rauch, 140–160 °C. Gesamtzeit: 40 Min. Zutaten (für 4 Personen): 400 g Schafskäse (2 Blöcke à 200 g, Feta-Art in Lake gereift), 200 g Kirschtomaten (halbiert), 3 EL Olivenöl, 1 TL Getrockneter Oregano, 1 Zehe Knoblauch (in feinen Scheiben), 0.5 TL Chiliflocken, 1 TL Zitronenabrieb, 1 Prise Schwarzer Pfeffer (frisch gemahlen — Salz braucht es nicht, der Käse bringt es mit), 1 Handvoll Räucherchips (Apfel oder Buche, 30 Minuten gewässert). Räuchern gilt als Fleischdisziplin — dabei ist Käse eines der ältesten Räuchergüter überhaupt. Dieses Kursgericht bringt beides zusammen: die cremige Salzigkeit von Schafskäse und die goldene Tiefe von Apfelrauch, in 25 Minuten, ohne dass ein Tier beteiligt wäre. Es ist die Vorspeise, die auf Grillfesten regelmäßig dem Fleisch die Show stiehlt. § Warum ausgerechnet Schafskäse: Nicht jeder Käse übersteht den Grill. Schnittkäse wie Gouda oder Emmentaler schmilzt bei 60–70 °C zur Pfütze — sein Laktat-Kalzium-Gefüge gibt unter Wärme einfach nach. Schafskäse nach Feta-Art ist anders gebaut: Er wird mit Säure und Lab gefällt und in Lake gereift, sein Proteinnetz ist dichter und hitzestabiler. Im Grill wird er weich, warm und cremig — aber er behält seine Form. Genau dieses Fenster („erwärmt, nicht zerlaufen") macht ihn zum idealen Räucherkandidaten. Der Rauch arbeitet dabei an der Oberfläche: Seine Phenole und Carbonylverbindungen kondensieren auf der Käsehaut und reagieren mit den Oberflächenproteinen — daher die goldene Färbung und die deutliche Rauchnote der äußeren Millimeter, während der Kern mild und frisch bleibt. Ein Kontrast wie beim kalt geräucherten Lachs, nur warm serviert. § Die Dramaturgie mit den Tomaten: Die marinierten Tomaten sind das Säure-Gegengewicht: Ihr Fruchtsaft, das Zitronenöl und der rohe Knoblauch schneiden durch Rauch und Käsefett. Erst auf dem heißen Käse angerichtet, erwärmen sie sich leicht, ohne zu kochen — das Aroma bleibt frisch. Und das rauchige Öl, das sich am Boden der Form sammelt, ist kein Abfall, sondern der Grund, warum Brot dazu gehört. Nebenbei löst das Gericht ein Praxisproblem jedes Grillabends: Es belegt die indirekte Zone genau in der Lücke, in der das Fleisch ruht — Rauch ist ohnehin im Kessel, die Vorspeise fährt gratis mit. § Häufige Fehler: Käse nass aus der Lake in den Grill. Feuchte Oberflächen bleiben blass und nehmen kaum Rauch an. Trocken tupfen ist der wichtigste Handgriff. Zu heiß geräuchert. Über 180 °C bräunt der Käse, bevor der Rauch arbeiten konnte, und wird körnig.
Schoko-Soft-Cake vom Grill – lauwarm, mit flüssigem Herz und Whisky-Sahne; Rezept; Dessert; Mittel; Schokokuchen Grill, Soft Cake Rezept, Lava Cake Grill, Dessert vom Grill, Ganache Kuchen; Steakakademie-Rezept: /rezepte/desserts/schoko-soft-cake-grill; Ganache-basierter Schokoladenkuchen aus Förmchen, indirekt im Grill gebacken und bewusst nicht durchgebacken: fester Rand, fließendes Zentrum. Dazu Pfirsich-Cashew-Ragout und halbsteife Whisky-Sahne. Basis: 4 Personen (Mengen linear pro Person umrechenbar). Methode: Indirekt, in Förmchen. Gesamtzeit: 45 Min. Zutaten (für 4 Personen): 150 g Zartbitter-Kuvertüre (60–70 % Kakao — hier lohnt Qualität), 100 ml Sahne, 30 g Butter (plus 1 EL für die Förmchen), 1 Päckchen Vanillezucker, 1 Prise Fleur de Sel, 20 g Speisestärke, 2 Stück Eigelb, 2 EL Zucker (zum Ausstreuen der Förmchen), 2 Stück Pfirsiche (reif — oder 4 Dosenhälften, abgetropft), 30 g Cashewkerne (geröstet, gesalzen, grob gehackt), 4 Blatt Minze (in feinen Streifen), 150 ml Sahne (für die Whisky-Sahne, kalt), 2 EL Bourbon, 1 EL Puderzucker. Der Soft Cake ist die entspannte Schwester des Lava Cake: gleiche Belohnung — fester Rand, fließendes Schokoladenherz — aber ohne das Stürz-Drama, an dem die Restaurant-Version so oft scheitert. Er wird direkt aus dem Förmchen gelöffelt, und seine Basis ist keine Biskuitmasse, sondern eine Ganache. Das macht ihn nicht nur einfacher, sondern schokoladiger. § Ganache statt Teig: Warum das funktioniert: Ein klassischer Kuchenteig baut seine Struktur aus Mehl-Gluten und aufgeschlagenen Eiern. Der Soft Cake geht einen anderen Weg: Seine Basis ist eine Ganache — eine Emulsion aus Schokolade und Sahne, in der Kakaobutter-Tröpfchen fein verteilt sind. Eigelb und ein Löffel Stärke geben gerade genug Bindung, dass der Rand beim Backen stockt; Mehl fehlt komplett. Deshalb schmeckt der Kern nicht nach „ungebackenem Teig", sondern nach warmer Trinkschokolade — er ist im Grunde eine heiße Ganache. Die Physik des flüssigen Herzens ist reine Wärmeleitung: Die Hitze wandert von der Förmchenwand nach innen, und irgendwo auf diesem Weg liegt die Stocktemperatur der Eigelb-Stärke-Bindung. Wer bei „Rand fest, Mitte wackelt" stoppt, friert genau diesen Gradienten ein. Fünf Minuten mehr, und die Front erreicht das Zentrum — dann ist es ein (guter) Schokoladenkuchen, aber das Herz ist verloren. § Die Details, die den Unterschied machen: Fleur de Sel ist in dunkler Schokolade kein Gag: Salz unterdrückt Bitterrezeptoren und lässt die Kakao-Fruchtnoten vortreten — eine Prise verändert das ganze Dessert. Die gezuckerten Förmchen bilden beim Backen eine hauchdünne Karamellschicht als knuspriges Gegenstück zur weichen Masse. Und die Whisky-Sahne wird bewusst nur halbsteif geschlagen: Vanille- und Karamellnoten des Bourbon verlängern die Röstaromen der Schokolade, und die fließende Konsistenz legt sich über den warmen Kuchen statt daneben zu stehen.
Schweinekarree am Stück mit Honig-Rosmarin-Kruste und Orangen-Buttersauce; Rezept; Schweinekarree; Mittel; Schweinekarree grillen, Rack of Pork, Iberico Karree, Honig Rosmarin Marinade, Braten vom Grill; Steakakademie-Rezept: /rezepte/fleisch/schweinekarree-honig-rosmarin; Iberico- oder Duroc-Karree am Knochen, über Nacht mit Honig, Rosmarin und Orange mariniert, indirekt auf 62 °C gegart. Dazu eine montierte Orangen-Schalotten-Buttersauce — der Festtags-Braten vom Grill. Basis: 6 Personen (Mengen linear pro Person umrechenbar). Methode: Indirekt, mittlere Hitze. Gesamtzeit: 95 Min. Zutaten (für 6 Personen): 1.8 kg Schweinekarree am Knochen (Iberico oder Duroc, küchenfertig pariert), 3 EL Honig (kräftig, z. B. Wald- oder Bergblütenhonig), 2 EL Rosmarinnadeln (frisch, fein gehackt), 1 Stück Bio-Orange (Abrieb für die Marinade, Saft für die Sauce), 2 TL Meersalz (grob, plus geschroteter Pfeffer), 2 Stück Schalotten (fein gewürfelt), 100 ml Geflügelfond, 100 g Butter (kalt, in Würfeln — 20 g zum Anschwitzen, 80 g zum Montieren), 1 Prise Chiliflocken. Das Karree ist der Rinderbraten des Schweins: ein ganzes Rack am Knochen, das am Tisch in dicke Koteletts fällt. Bei Iberico oder Duroc — Rassen mit echter intramuskulärer Marmorierung — wird daraus ein Festtagsgericht, das mit jedem Roastbeef konkurriert und die Hälfte kostet. § Warum Honig über Nacht: Die Honig-Marinade arbeitet auf zwei Zeitskalen. Über Nacht wirken Salz und die Feuchtigkeit des Honigs wie eine milde Trockenpökelung: Würze und Orangenöle wandern in die äußeren Fleischschichten ein. Beim Garen übernimmt dann die Chemie der Bräunung — und zwar doppelt. Der Fruchtzucker des Honigs karamellisiert schon ab etwa 110 °C, deutlich früher als Haushaltszucker, und seine Zucker befeuern zusätzlich die Maillard-Reaktion mit den Fleischproteinen. Deshalb baut das Karree bei moderaten 160–180 °C eine tiefe Bernsteinkruste auf, wo ein unmariniertes Stück nur blass bliebe. Rosmarin und Orange sind dabei kein Zufallspaar: Beide teilen Terpene wie Limonen und Pinene — dieselben Aromafamilien, die auch unser Foodpairing-Prinzip nutzt. Die Kruste schmeckt dadurch wie aus einem Guss statt nach Zutatenliste. § Die Kerntemperatur-Frage beim Schwein: Modernes Qualitätsschwein muss nicht grau gegart werden. Wir nehmen das Karree bei 60–62 °C vom Grill; in der Rast zieht es auf etwa 63–64 °C nach — saftig, zartrosa und im sicheren Bereich unserer Kerntemperatur-Referenz. Wer es klassischer mag, gart auf 65 °C nach — darüber beginnt der Trockenbereich, den kein Honig der Welt zurückholt. Der Knochen ist dabei mehr als Deko: Er isoliert das Fleisch von unten, sorgt für gleichmäßiges Garen ohne Wenden und macht das Tranchieren zur Formsache — ein Schnitt pro Knochen. § Die montierte Sauce: Eine Beurre-blanc-Verwandte in fünf Minuten: Reduktion aus Orangensaft und Fond, in die nach und nach kalte Butter geschlagen wird. Die Butter emulgiert zur samtigen Bindung — solange die Sauce nicht mehr kocht.
Schwertfisch-Steak vom Grill – Mittelmeer-Klassiker; Rezept; Schwertfisch; Mittel; Schwertfisch grillen, Fisch-Steak Grill, Mittelmeer-Rezept, Direkte Hitze Fisch; Steakakademie-Rezept: /rezepte/fisch/schwertfisch-steak-grill; Dickes Schwertfisch-Steak mit Olivenöl-Zitrone-Marinade, 3–4 Min. je Seite gegrillt. Saftig, mit Gitterstreifen und Salsa Verde. Basis: 2 Personen (Mengen linear pro Person umrechenbar). Methode: Heiß direkt. Gesamtzeit: 40 Min. Zutaten (für 2 Personen): 2 Stück Schwertfisch-Steaks (je 200–250 g, 3–4 cm dick), 80 ml Olivenöl extra vergine, 2 Stück Zitronen (1 zum Marinieren, 1 zum Servieren), 4 Zehen Knoblauch (gehackt), 5 g Meersalz, 3 g schwarzer Pfeffer (frisch gemahlen), 200 ml Salsa Verde (Petersilie, Knoblauch, Olivenöl, Zitrone). Schwertfisch ist das Steak des Meeres — festes, fleischiges Gewebe, kaum Gräten, ein Biss, der an Thunfisch erinnert, aber eigenständiger ist. Wer ihn einmal richtig gegrillt hat, versteht, warum er seit Jahrhunderten an den Küsten Siziliens und Griechenlands auf den Tisch kommt. Der Fehler passiert fast immer in der letzten Minute: eine Minute zu lang, und aus saftigem Fisch wird trockenes Protein. § Warum Schwertfisch sich wie Fleisch verhält — und warum das alles ändert: Schwertfisch (Xiphias gladius) hat eine Muskelstruktur, die sich fundamental von den meisten Speisefischen unterscheidet. Während Lachs oder Dorade aus kurzen, zarten Muskelfasern bestehen, die beim Garen schnell auseinanderfallen, besitzt Schwertfisch lange, dicht gepackte Fasern — ähnlich wie Rindfleisch. Das erklärt die feste Textur, die Schnittfestigkeit und warum er Gitterstreifen hält, ohne zu zerfallen. Der Fettgehalt ist dabei vergleichsweise niedrig: rund 4–5 % intramuskuläres Fett. Das ist weniger als ein Ribeye, aber mehr als Thunfisch. Diese Magerheit ist der entscheidende Faktor für die Hitzeempfindlichkeit. Fett wirkt als Puffer gegen Übergarung — fehlt es, kollabieren die Proteine schneller und das Wasser tritt aus. Die Folge: trockener, krümeliger Fisch, der nach nichts schmeckt. Die Kerntemperatur ist deshalb keine Empfehlung, sondern ein Gebot. 52–55 °C ist das Ziel. Bei 60 °C ist der Fisch technisch noch essbar, aber die Textur leidet spürbar. Bei 65 °C ist er verloren. Ein Sofortlesethermometer ist hier kein Luxus, sondern Pflicht. § Marinade, Hitze und Timing — die drei Variablen, die entscheiden: Die Marinade: Olivenöl, Zitronensaft, Knoblauch, Salz. Simpel, aber nicht beliebig. Der Zitronensaft beginnt das Protein bereits zu denaturieren — ein Effekt, den man von Ceviche kennt. Deshalb gilt: maximal 30 Minuten marinieren, nicht länger. Wer den Fisch über Nacht in Zitronensaft legt, gart ihn kalt vor. Das Ergebnis ist eine mehlige, matte Textur, bevor der Grill überhaupt heiß ist. Das Olivenöl schützt die Oberfläche und fördert die Maillard-Reaktion — es ist der Träger, nicht der Star. Die Hitze: Direktes, hohes Feuer. Mindestens 250 °C auf dem Rost.
Singapore Satay – Hawker-Klassiker vom Holzkohlegrill; Rezept; Hähnchen/Rind/Lamm; Mittel; Singapore Satay, Satay-Spieße, Holzkohlegrill, Hawker-Klassiker, Erdnuss-Sauce; Steakakademie-Rezept: /rezepte/fleisch/singapore-satay; Authentisches Singapore Satay mit Kurkuma-Koriander-Marinade, gegrillt auf Bambusspiessen. Mit Erdnuss-Sauce und Ketupat. Basis: 4 Personen (Mengen linear pro Person umrechenbar). Methode: Spieß, Holzkohle. Gesamtzeit: 45 Min. Zutaten (für 4 Personen): 800 g Haehnchenbrust oder Rinderfilet (in 2 cm Wuerfel geschnitten), 3 EL Kurkuma-Pulver (frisch gemahlenes Pulver bevorzugt), 2 Staengel Zitronengras (fein gehackt), 4 Zähne Knoblauch (gepresst), 2 TL Koriandersamen (geröstet und gemörsert), 1 EL Palmzucker (oder brauner Zucker), 200 ml Kokosmilch (vollfett), 3 EL Erdnussöl (oder Sesamöl), 2 Limetten (Saft), 1 TL Salz (nach Geschmack), 300 g Erdnussbutter (naturrein, ohne Zucker), 100 ml Kokosmilch (für Sauce), 2 EL Sambal Oelek (oder Chiliöl), 400 g Ketupat (gekocht oder aus der Dose). Singapurs Hawker Centres sind kulinarische Kathedralen — und Satay ist ihr heiligster Ritus. Wer einmal um Mitternacht am Newton Food Centre gesessen hat, Rauch in der Nase und einen Spieß nach dem anderen in die Erdnuss-Sauce getaucht hat, versteht sofort: Das hier ist kein Fingerfood. Das ist Handwerk. --- § Die Chemie hinter der Marinade — warum Kurkuma, Koriander und Zitronengras kein Zufall sind: Die klassische Singapur-Satay-Marinade ist keine willkürliche Gewürzkombination. Jede Komponente hat eine präzise Funktion. Kurkuma enthält Curcumin — ein fettlösliches Polyphenol, das beim Grillen über Holzkohle eine tiefe, fast lackartige Kruste fördert. Gleichzeitig wirkt Curcumin als schwaches Antioxidans und verlangsamt die Oxidation der Fette im Fleisch während der Marinierzeit. Das Ergebnis: weniger ranzige Off-Notes, mehr sauberer Fleischgeschmack. Koriandersamen (gemahlen, nicht Blätter) liefern Linalool und Geraniol — aromatische Verbindungen, die bei Hitze nicht verbrennen, sondern sich in der Maillard-Reaktion einbinden. Sie verstärken die Röstaromen, ohne zu dominieren. Zitronengras ist der Schlüssel zur Singapur-Identität. Die Aldehydverbindung Citral gibt dem Zitronengras sein charakteristisches Aroma — und Citral ist hitzestabil genug, um den Grillprozess zu überstehen. Wichtig: Nur den weißen, unteren Teil verwenden und fein hacken oder im Mörser aufschließen. Grobe Stücke geben kaum Aroma ab. Die Marinade enthält außerdem immer eine Zuckerkomponente — traditionell Palmzucker. Dieser karamellisiert bei den hohen Temperaturen über Holzkohle schnell und bildet die charakteristische, leicht verbrannte Süße, die Satay von jedem anderen Grillspieß unterscheidet. Zu viel Zucker verbrennt, zu wenig und die Bark bleibt blass. Die Balance liegt bei etwa 1 EL Palmzucker pro 500 g Fleisch. --- § Das Fächern — warum Singapur-Satay ohne Kipas nicht existiert: Wer Satay ohne das konstante Fächern grillt, grillt kein Satay.
Sis Kebab — Türkisches Lamm-Spiessgericht vom Mangal; Rezept; Lamm/Rind; Mittel; Sis Kebab, Türkisches Lamm-Grill-Rezept, Mangal Grillen, Joghurt-Marinade Fleisch, Spieß-Grillen; Steakakademie-Rezept: /rezepte/fleisch/sis-kebab-tuerkisch; Würfelförmiges Lamm in Joghurt-Gewürzmarinade, 4h mariniert, über offener Flamme gegrillt. Authentisches türkisches Spieß-Rezept. Basis: 4 Personen (Mengen linear pro Person umrechenbar). Methode: Spieß, direkt. Gesamtzeit: 255 Min. Zutaten (für 4 Personen): 1000 g Lamm-Schulter oder Rinderhüfte (in 3-4cm Würfel geschnitten), 400 ml Joghurt (Vollfett, natur), 2 Stück Zwiebeln (fein gehackt), 3 EL Olivenöl (extra vergine), 2 TL Paprikapulver (edelsüss), 1 TL Kreuzkümmel (ganz oder gemahlen), 1 TL Oregano (getrocknet), 1 TL Cayenne-Pfeffer (nach Geschmack), 3 Zehen Knoblauch (gepresst), 1 TL Salz (Meersalz), 1 TL schwarzer Pfeffer (frisch gemahlen), 1 Stück Zitrone (zum Auspressen). Sis Kebab ist kein Grillgericht — es ist eine Disziplin. Wer einmal echten Şiş Kebab vom Mangal gegessen hat, versteht sofort, warum türkische Grillmeister jahrzehntelang an ihrer Technik feilen. Zartes Lamm, rauchige Kruste, saftig bis in den Kern: Das Ergebnis ist simpel. Der Weg dorthin nicht. --- § Die Marinade: Biochemie statt Bauchgefühl: Der Kern des Şiş Kebab ist die Joghurt-Zwiebel-Marinade — und sie funktioniert aus präzisen chemischen Gründen, nicht aus Tradition allein. Joghurt enthält Milchsäure (pH ~4,5) und Calciumionen. Die Milchsäure denaturiert oberflächlich die Muskelproteine und öffnet die Fleischstruktur für Aromen. Entscheidend: Sie dringt langsam ein. Das bedeutet, kurze Marinierzeit (unter 2 Stunden) bringt kaum Effekt — über 24 Stunden beginnt das Fleisch mehlig zu werden. Das Optimum liegt bei 4–12 Stunden, idealerweise über Nacht im Kühlschrank. Zwiebeln liefern Enzyme (Proteasen), die Muskelproteine aktiv abbauen. Deshalb werden Zwiebeln für die Marinade gerieben, nicht gehackt — maximale Zellenöffnung, maximaler Enzymaustritt. Wichtig: Zwiebelsaft, nicht Zwiebelstücke. Die Stücke würden auf dem Spieß verbrennen. Gewürze — klassisch Kreuzkümmel, Paprika, schwarzer Pfeffer, Oregano — sind fettlöslich. Der Joghurt als Fettträger (Vollfett-Joghurt, mindestens 10% Fett) transportiert diese Aromen tief ins Fleisch. Magerjogurt ist hier keine Option. Salz gehört erst kurz vor dem Grillen an die Marinade oder direkt auf das Fleisch. Zu frühes Salzen entzieht Feuchtigkeit durch Osmose — das Gegenteil von dem, was du willst. --- § Mangal, Metallspieße und die Physik der gleichmäßigen Garung: Der Mangal — der türkische Holzkohlegrill in seiner charakteristischen Kastenform — ist kein Zufall. Die schmale, tiefe Bauweise erzeugt eine konzentrierte Strahlungshitze von unten, während die Spieße quer über die Glut liegen. Das Fleisch hängt frei, kein direkter Kontakt mit dem Rost. Ergebnis: rundum gleichmäßige Hitzeverteilung ohne Hot Spots. Metallspieße sind Pflicht, keine Empfehlung.
Smash Burger: Maximale Kruste, minimale Kompromisse; Rezept; Rinderhackfleisch; Einfach; Smash Burger, Smash Burger Rezept, Burger Kruste, Maillard Reaktion Burger, Gusseisen Burger, American Cheese Burger, 80/20 Hackfleisch, selbst gewolfter Burger; Steakakademie-Rezept: /rezepte/fleisch/smash-burger; 80/20 Hack, Gusseisen auf Maximum, 90 Sekunden je Seite. So entsteht die Maillard-Kruste, die jeden Gourmet-Burger alt aussehen lässt. Basis: 4 Personen (Mengen linear pro Person umrechenbar). Methode: Smash-Technik. Gesamtzeit: 25 Min. Zutaten (für 4 Personen): 800 g Rinderhackfleisch 80/20 (Selbst gewolft aus Rinderbrust + Schulter oder beim Metzger bestellt — kein Supermarkt-Hack), 4 Scheiben American Cheese (Echter Schmelzkäse, kein Cheddar — der Melt ist Physik, kein Kompromiss), 4 Stück Brioche Burger Buns (Leicht gebuttert und in der Pfanne angeröstet), 1 TL Fleur de Sel (Erst nach dem Smash auf die rohe Seite — nicht vorher salzen), 0.5 TL Schwarzer Pfeffer, grob gemahlen (Frisch gemahlen, kein Pulver), 4 Blätter Eisbergsalat (Kalt und knackig — der thermische Kontrast zur heißen Patty), 2 Stück Beef-Tomaten (In 0,5 cm Scheiben geschnitten), 1 Stück Weiße Zwiebel (Hauchdünn gehobelt, roh — kein Karamellisieren hier), 3 EL Mayonnaise (Basis für Smash Sauce), 1 EL Amerikanischer Senf (Gelb, nicht Dijon), 1 EL Ketchup, 1 TL Gurkenrelish (Oder fein gehackte Cornichons). Der Smash Burger ist das ehrlichste Stück Fleisch, das du auf einem Grill oder einer Pfanne zubereiten kannst. Keine Marinaden, keine Rubs, keine Verstecke — nur Hitze, Fett und die Maillard-Reaktion in ihrer brutalsten Form. Wer einmal verstanden hat, was hier chemisch passiert, bestellt keinen Burger mehr blind. § Die Wissenschaft hinter der Kruste: Maillard auf Hochtouren: Der entscheidende Unterschied zwischen einem Smash Burger und einem klassischen Patty liegt in der Kontaktfläche. Wenn du ein 80/20-Hackball mit einem Gewicht oder Spatel auf 1 cm Dicke drückst, passieren gleichzeitig drei Dinge: Erstens maximierst du die Fläche, die direkten Kontakt mit der heißen Gusseisenpfanne hat. Maillard-Reaktionen — die Bräunungsreaktionen zwischen Aminosäuren und reduzierenden Zuckern — laufen nur dort ab, wo Fleisch auf Metall trifft. Mehr Kontaktfläche bedeutet mehr Bark, mehr Röstaromen, mehr Komplexität. Zweitens treibst du das intramuskuläre Fett aktiv aus dem Fleisch heraus. Das 80/20-Verhältnis ist hier kein Zufall: Das Fett landet direkt in der Pfanne, wird sofort zu Bratfett und sorgt für eine selbstschmierende Reaktion. Kein externes Fett nötig — das Fleisch arbeitet für sich selbst. Drittens verlierst du bewusst Saftigkeit im Inneren — und das ist der Punkt, den viele nicht verstehen. Ein Smash Burger ist nicht saftig durch Fleischsaft. Er ist saftig durch Fett und durch den Käse-Melt. Das Konzept "zarter Burger" ist hier irrelevant. Du willst Textur, Kontrast, Kruste. Die 90 Sekunden je Seite sind keine Faustregel, sondern Physik: Bei einer Pfannentemperatur von 230–260 °C reicht diese Zeit, um eine vollständige Kruste zu entwickeln, ohne das dünne Patty durchzugaren.
Smoked Arctic Char – Kanadischer Seesaibling kalt & heiß geräuchert; Rezept; Seesaibling; Fortgeschritten; Seesaibling räuchern, Kaltsmoke Heißsmoke, Smoked Arctic Char, Kanadischer Edelfisch, Zwei-Stufen Räuchern; Steakakademie-Rezept: /rezepte/fisch/smoked-arctic-char-kanada; Zweistufiges Räuchern: Kaltsmoke unter 30°C für Aroma, dann Heißsmoke auf 65-70°C. Rosa Fleisch, eleganter Rauchgeschmack. Kanadische Tradition. Basis: 4 Personen (Mengen linear pro Person umrechenbar). Methode: Kaltrauch + Heissrauch. Gesamtzeit: 1710 Min. Zutaten (für 4 Personen): 1200 g Seesaibling (ganzer Fisch, ausgenommen und filetiert) (Frische ist entscheidend), 100 g Meersalz (für die Salzlake), 50 g Zucker (für die Salzlake), 2 l Wasser (für die Salzlake), 5 g Wacholderbeeren (optional, für Aromatikas), 3 g Schwarzer Pfeffer (grob gemörsert), 2 Stück Lorbeerblätter (optional), 30 g Räuchermehl (Erle oder Buche, nicht zu intensiv). Der Seesaibling ist Kanadas stiller Superstar unter den Kaltwasserfischen — weniger bekannt als Lachs, aber geschmacklich auf Augenhöhe, mit feinerem Fleisch und einer natürlichen Eleganz, die beim Räuchern voll zur Geltung kommt. Die Kombination aus Kalt- und Heißräuchern ist kein Kompromiss, sondern eine bewusste Entscheidung: zwei Phasen, zwei Ziele, ein außergewöhnliches Ergebnis. --- § Warum Arctic Char und nicht Lachs?: Salvelinus alpinus — der Seesaibling — ist phylogenetisch näher an der Forelle als am Lachs, verhält sich beim Räuchern aber wie eine Kreuzung aus beiden. Das Fleisch ist rosa bis tiefrot, je nach Herkunft und Ernährung, mit einem Fettgehalt, der deutlich moderater ist als bei Atlantischem Lachs. Genau das macht ihn für das kombinierte Räucherverfahren interessant: Das Fett ist vorhanden, aber nicht dominant — es trägt den Rauch, ohne ihn zu überlagern. Kanadische Seesaiblinge aus arktischen Seen oder kontrollierten Aquakulturen in British Columbia und Ontario haben eine besonders saubere Fleischstruktur. Die niedrigen Wassertemperaturen, in denen der Fisch lebt, führen zu einem höheren Anteil an ungesättigten Fettsäuren — was nicht nur gesundheitlich relevant ist, sondern auch das Mundgefühl beim Essen beeinflusst. Das Fett bleibt selbst nach dem Garen seidig, nicht fettig. Der Geschmack: milder als Lachs, weniger erdig als Forelle, mit einer leichten Süße im Abgang. Rauch nimmt dieser Fisch dankbar an — er verstärkt die natürliche Komplexität, ohne sie zu erschlagen. --- § Die Zwei-Phasen-Methode: Kalt- vor Heißräuchern: Das Prinzip ist aus der skandinavischen und nordamerikanischen Räuchertradition bekannt, wird aber selten konsequent umgesetzt. Die Logik dahinter ist eindeutig: Phase 1 — Kalträuchern unter 30 °C: In dieser Phase geht es nicht ums Garen, sondern ums Aromatisieren und Trocknen. Der Rauch dringt in das noch rohe, aber durch die Salzlake vorbehandelte Fleisch ein. Die Proteinstruktur ist noch offen, die Oberfläche feucht genug, um Rauchpartikel zu binden.
Smoked Baked Potatoes: Knusprig, rauchig, unwiderstehlich; Rezept; Kartoffel; Einfach; smoked baked potatoes, geräucherte Kartoffeln, Smoker Beilage, Hickory Kartoffeln, BBQ Kartoffeln, Kartoffeln im Smoker; Steakakademie-Rezept: /rezepte/beilagen/smoked-baked-potatoes; Festkochende Kartoffeln 2h bei 135°C im Hickory-Smoker – außen knusprige Haut, innen cremig weich, mit tiefem Rauchgeschmack durchzogen. Basis: 4 Personen (Mengen linear pro Person umrechenbar). Methode: Smoker. Gesamtzeit: 130 Min. Zutaten (für 4 Personen): 4 Stück festkochende Kartoffeln (à ca. 250g, z.B. Annabelle oder Cilena – gleichmäßige Größe für einheitliche Garzeit), 2 EL neutrales Pflanzenöl (z.B. Rapsöl – für die knusprige Außenhaut unerlässlich), 1.5 TL grobes Meersalz (haftet besser auf der geölten Haut als feines Salz), 1 TL frisch gemahlener schwarzer Pfeffer, 2 Stück Hickory-Chunks (ca. 80–100g gesamt, nicht einweichen – trockenes Holz erzeugt saubereren Rauch), 200 g Saure Sahne (vollfett, mind. 24% Fett), 100 g Cheddar (reifer Cheddar, frisch gerieben – Fertigprodukte haben zu viel Trennmittel), 0.5 Bund Schnittlauch (frisch, in feine Röllchen geschnitten). Die meisten Beilagen sind Nachgedanken. Smoked Baked Potatoes sind es nicht. Wer einmal eine Kartoffel mit echter Rauchrinde, knuspriger Schale und cremigem Innenleben gegessen hat, versteht sofort, warum dieses Gericht auf keinem ernsthaften BBQ-Abend fehlen sollte. --- § Was mit der Kartoffel im Smoker passiert — und warum Folie ein Fehler ist: Kartoffeln bestehen zu etwa 80 % aus Wasser. Dieses Wasser ist dein größter Feind, wenn du eine knusprige Schale willst — und gleichzeitig dein bester Freund, wenn es um das Innenleben geht. Bei 135 °C im Smoker passiert folgendes: Die Oberflächenfeuchtigkeit verdunstet langsam. Die Schale trocknet aus, die Stärke direkt unter der Oberfläche beginnt zu gelatinisieren und bildet eine feste, leicht ledrige Textur. Gleichzeitig dringt der Rauch in die poröse Schale ein — nicht tief, aber tief genug, um den charakteristischen Hickory-Geschmack in jede Gabel zu bringen. Wer Alufolie verwendet, verhindert genau diesen Prozess. Die Folie hält die Feuchtigkeit an der Oberfläche, die Schale dampft statt zu trocknen, und das Ergebnis ist eine weiche, blasse Kartoffel ohne jede Textur. Folie ist für Camping-Kartoffeln im Lagerfeuer. Nicht für den Smoker. Warum festkochende Kartoffeln? Mehligkochende Sorten haben einen höheren Stärkegehalt und neigen dazu, innen trocken und krümelig zu werden, wenn sie zwei Stunden bei indirekter Hitze liegen. Festkochende Sorten — etwa Annabelle oder Sieglinde — behalten ihre Struktur, bleiben innen feucht und cremig, während die Schale die gewünschte Knusprigkeit entwickelt. --- § Setup, Holzwahl und der richtige Umgang mit Temperatur: Hickory ist hier keine Empfehlung, sondern eine Entscheidung. Hickory liefert einen kräftigen, leicht nussigen Rauch, der mit der erdigen Stärke der Kartoffel eine direkte Verbindung eingeht. Obstholz wie Apfel oder Kirsche wäre zu subtil — du würdest den Rauch kaum wahrnehmen.
Sosaties – Kapmalaiische Fleischspieße mit Aprikosen-Curry; Rezept; Lamm/Rind; Mittel; Sosaties Rezept, Südafrikanische Fleischspieße, Braai Lamm, Aprikosen-Curry-Marinade, Kapmalaiisch grillen; Steakakademie-Rezept: /rezepte/fleisch/sosaties-braai; Südafrikanische Sosaties: Lamm- und Rindwürfel mit Trockenaprikosen auf Spießen. Süß-saure Curry-Marinade, 12h Reifezeit. Braai-Klassiker. Basis: 4 Personen (Mengen linear pro Person umrechenbar). Methode: Spieß, direkt. Gesamtzeit: 765 Min. Zutaten (für 4 Personen): 800 g Lammschulter oder Rinderbrust (in 3 cm Würfel geschnitten), 150 g getrocknete Aprikosen (halbiert), 2 Stück mittlere Zwiebeln (in 2 cm Stücke), 3 EL Currypulver (mild bis mittelscharf), 2 EL Aprikosenmarmelade (oder Aprikosennektar), 2 EL Balsamico-Essig (dunkel), 2 EL Olivenöl (extra vergine), 1 TL Kurkuma (gemahlenes Pulver), 1 TL Koriander (gemahlene Samen), 1 Zehe Knoblauch (fein gehackt), 1 TL Salz (Meersalz), 1 TL schwarzer Pfeffer (frisch gemahlen), 1 Prise Cayennepfeffer (optional für Schärfe). Sosaties sind der Beweis, dass Südafrika zu den unterschätzten BBQ-Nationen der Welt gehört. Die kapmalaiische Küche — entstanden durch die Versklavung malaiischer Gewürzexperten im 17. Jahrhundert am Kap der Guten Hoffnung — hat der Braaikultur eine Tiefe gegeben, die weit über einfaches Fleisch-auf-Feuer hinausgeht. Was diese Spieße von allem anderen trennt: die Marinade arbeitet auf drei Ebenen gleichzeitig — Säure, Süße und Fett — und das über mindestens 12 Stunden. --- § Die Chemie hinter der Aprikosen-Curry-Marinade: Trockenaprikosen sind kein Dekorationselement. Sie liefern konzentrierte Fruchtsäuren — vor allem Apfelsäure und Zitronensäure — die das Muskelprotein im Lamm- oder Rindfleisch denaturieren, ohne es wie Essig oder Zitronensaft aggressiv zu zersetzen. Das Ergebnis ist eine Texturveränderung, die das Fleisch zarter macht, ohne es matschig werden zu lassen. Der Curryanteil der Marinade ist keine Vereinfachung — er ist historisch korrekt. Kapmalaiische Köche verwendeten Gewürzmischungen, die Kurkuma, Koriander, Kreuzkümmel und Bockshornklee kombinierten. Diese fettlöslichen Aromastoffe brauchen ein Trägermedium: Öl in der Marinade. Ohne Öl bleiben die Gewürze an der Oberfläche und verbrennen auf dem Rost, bevor sie ins Fleisch einziehen können. Die Zwiebeln auf dem Spieß erfüllen eine doppelte Funktion: Sie geben beim Grillen Feuchtigkeit ab, die das Fleisch zwischen den Stücken vor dem Austrocknen schützt, und ihre natürlichen Zucker karamellisieren zu einer Schicht, die mit dem Curry-Rub auf dem Fleisch interagiert. Das ist kein Zufall — das ist jahrhundertealtes Wissen über Wärmekontrolle ohne Thermometer.
Spareribs 3-2-1 Methode | Fall-off-the-Bone BBQ; Rezept; Spareribs; Mittel; Spareribs Rezept, 3-2-1 Methode, BBQ Smoker, Räuchern Anleitung, Fall-off-the-Bone; Steakakademie-Rezept: /rezepte/fleisch/spareribs-3-2-1; Klassische 3-2-1 Methode für perfekte Spareribs: 3h Räuchern, 2h Dampfen, 1h Glasieren. Zartes Fleisch, knusprige Bark. Basis: 4 Personen (Mengen linear pro Person umrechenbar). Methode: 3-2-1, Smoker. Gesamtzeit: 375 Min. Zutaten (für 4 Personen): 2 Racks Duroc-Spareribs (ca. 2,5 kg, Silberhaut entfernt), 3 EL BBQ Dry Rub (Paprika, Knoblauch, brauner Zucker, Salz), 250 ml Apfelsaft (für Spritzflasche), 100 g Butter (für Dampfphase), 200 ml BBQ Sauce (Kansas City Style, zum Glasieren), 2 TL Honig (für Glanz in der Glaze). Die 3-2-1-Methode ist kein Trend — sie ist der destillierte Konsens von Jahrzehnten amerikanischer BBQ-Kultur. Wer Spareribs nach diesem Schema zubereitet, bekommt Ribs, die buchstäblich vom Knochen fallen: eine Textur, die durch keine andere Technik so zuverlässig reproduzierbar ist. Duroc-Schwein macht dabei den Unterschied zwischen gut und unvergesslich. --- § Was in den 6 Stunden biologisch passiert: Die 3-2-1-Methode ist kein willkürliches Zeitkonstrukt. Jede Phase hat eine präzise physiologische Funktion. Phase 1 — Räuchern (3 Stunden): Bei 107–120 °C beginnt das Kollagen im Bindegewebe zu denaturieren, aber noch nicht zu Gelatine zu hydrolysieren. Das Fleisch nimmt Rauch auf, solange die Oberfläche noch feucht genug ist — nach etwa 2,5 bis 3 Stunden schließt sich das Fenster. Die Bark bildet sich: eine Maillard-Reaktion zwischen Proteinen, Zuckern aus dem Rub und Rauchpartikeln. Ohne diese Phase keine Tiefe, kein Biss, keine Komplexität. !Spareribs nach der Räucherphase: dunkle, ledrige Bark auf dem Grillrost, noch ohne Glasur Phase 2 — Dämpfen (2 Stunden): Die Ribs werden fest in Butcher Paper oder Alufolie gewickelt — mit Butter, braunem Zucker, Apfelsaft oder Honig, je nach Stil. In diesem feuchten Mikromilieu steigt die Kerntemperatur schnell durch den Stall (ca. 70–75 °C), und das Kollagen hydrolysiert vollständig zu Gelatine. Das ist der Moment, der Fall-off-the-Bone erzeugt. Wer diese Phase überspringt, bekommt Ribs mit Biss — legitim im Competition-BBQ, aber nicht das Ziel hier. Phase 3 — Glasieren (1 Stunde): Die Folie kommt ab. Die Ribs gehen zurück auf den Rost, die Sauce wird in zwei bis drei Schichten aufgetragen und karamellisiert bei direkter Hitze. Zucker bräunt, Pektine in der Sauce verdicken, die Oberfläche bekommt Glanz und Struktur. Wer zu früh glasiert, verbrennt den Zucker. Wer zu spät glasiert, bekommt keine Bindung. --- § Duroc-Ribs und das richtige Setup: Warum Duroc? Duroc-Schweine haben genetisch bedingt einen höheren intramuskulären Fettanteil als konventionelle Hybridschweine. Das Fleisch zwischen den Knochen bleibt saftig, selbst wenn die Kerntemperatur 90 °C überschreitet. Bei Standard-Supermarkt-Ribs ist das Fleisch zu diesem Zeitpunkt oft trocken und faserig.
Spatchcock-Hähnchen vom Grill – gleichmäßig gar in 45 Min; Rezept; Ganzes Hähnchen; Einfach; Spatchcock-Hähnchen, Hähnchen grillen, Flachgedrücktes Hähnchen, Indirektes Grillen, Ganzes Hähnchen Grill; Steakakademie-Rezept: /rezepte/fleisch/spatchcock-haehnchen; Flachgedrücktes Hähnchen grillt gleichmäßig und schneller. Knusprige Haut, saftiges Fleisch. Indirekt bis 74°C Kerntemperatur. Schritt-für-Schritt-Anleitung. Basis: 4 Personen (Mengen linear pro Person umrechenbar). Methode: Flach, indirekt. Gesamtzeit: 60 Min. Zutaten (für 4 Personen): 1 Stück Ganzes Hähnchen (1,5–1,8 kg) (Raumtemperatur vor dem Grillen), 3 EL Olivenöl (Extra vergine), 2 TL Meersalz (Grobes Körning), 1 TL Schwarzer Pfeffer (Frisch gemahlen), 1 TL Paprikapulver (Edelsüß), 1 TL Knoblauchpulver (Optional), 1 TL Thymian (Getrocknet oder frisch). Ein ganzes Hähnchen in unter einer Stunde gleichmäßig durchgegart — ohne trockene Brust, ohne rohes Fleisch an der Keule. Das Spatchcock-Verfahren macht genau das möglich, und wer einmal verstanden hat warum, grillt kein ganzes Hähnchen mehr anders. --- § Die Physik hinter dem flachen Hähnchen: Ein unbearbeitetes ganzes Hähnchen ist thermodynamisch ein Albtraum. Die Brust liegt exponiert oben, die Keulen sind von Knochen und Gelenkmasse umgeben, der Hohlraum in der Mitte isoliert wie eine Thermoskanne. Das Ergebnis: Bis die Keule 74 °C Kerntemperatur erreicht, ist die Brust längst bei 85 °C — trocken, faserig, enttäuschend. Beim Spatchcocking wird das Rückgrat mit einer Geflügelschere oder einem schweren Messer herausgetrennt. Das Hähnchen lässt sich anschließend flach aufklappen und mit dem Handballen flachdrücken — das Brustbein bricht dabei kontrolliert durch. Was bleibt, ist eine gleichmäßig flache Fläche mit annähernd konstanter Fleischdicke über die gesamte Oberfläche. Die Konsequenz ist direkt physikalisch: Wärme muss jetzt überall denselben Weg zurücklegen. Brust und Keule liegen auf einer Ebene, die Wärmeübertragung ist symmetrisch. Gleichzeitig entfällt der isolierende Hohlraum — die Garzeit sinkt von 75–90 Minuten auf 40–50 Minuten bei identischer Temperatur. Wer mit indirekter Hitze bei 180–200 °C arbeitet, landet zuverlässig bei 74 °C Kerntemperatur in der Brust, während die Keule gleichzeitig fertig ist. Ein weiterer Effekt: Die gesamte Hautfläche liegt flach auf dem Rost oder zeigt nach oben. Fett kann gleichmäßig ausrendern, die Haut wird knusprig — nicht gedämpft wie bei einem aufrechten Hähnchen, das in seinem eigenen Dampf sitzt. --- § Setup, Temperatur und das richtige Werkzeug: Für Spatchcock-Hähnchen gilt: indirektes Setup, hohe Temperatur. Kein Low & Slow. Der Sweet Spot liegt bei 190–200 °C Garraumtemperatur. Darunter rendert das Hautfett nicht schnell genug aus, die Haut bleibt gummiartig. Darüber trocknet die Brust aus, bevor die Keule fertig ist. Auf dem Kugelgrill funktioniert das klassisch mit Kohlen auf einer Seite, Hähnchen auf der anderen — Deckel zu, Lüftungsschlitze zu etwa zwei Dritteln geöffnet.
T-Bone Direktgrill – Perfekt gegrilltes Doppelsteak; Rezept; T-Bone Steak; Einfach; T-Bone Steak grillen, Direktgrill Methode, 3-Zonen-Grill-Setup, Filet und Rumpsteak; Steakakademie-Rezept: /rezepte/fleisch/t-bone-direktgrill; T-Bone mit 3-Zonen-Setup grillen: Filetseite indirekt, Rumpsteak direkt. Anleitung für perfekte Garstufen beider Muskeln. Basis: 2 Personen (Mengen linear pro Person umrechenbar). Methode: Direktgrill. Gesamtzeit: 35 Min. Zutaten (für 2 Personen): 2 Stück T-Bone Steaks à 400–500g (4–5 cm Dicke), 30 g Meersalz (grobes Kristallsalz), 5 g Schwarzer Pfeffer (frisch gemahlen), 40 g Butter (zum Finishing), 3 Zehen Knoblauch (gequetscht), 2 Zweige Frischer Rosmarin (optional). Das T-Bone ist kein Steak — es sind zwei Steaks, getrennt durch einen Knochen und vereint durch ein fundamentales Problem: Filet und Rumpsteak garen unterschiedlich schnell. Wer das ignoriert, bekommt entweder ein zähes Filet oder ein übergartes Rumpsteak. Wer es versteht, bekommt das beste Steak, das ein Rind zu bieten hat. § Die Anatomie entscheidet über die Strategie: Das T-Bone wird aus dem hinteren Rücken geschnitten, genauer aus dem Bereich zwischen Roastbeef und Filet. Der charakteristische T-förmige Wirbelknochen trennt zwei Muskeln mit grundlegend verschiedenen Eigenschaften: Das Rumpsteak (Striploin, New York Strip) auf der größeren Seite des Knochens ist ein stark beanspruchter Muskel mit höherem Fettanteil und ausgeprägtem Bindegewebe am Rand. Es verträgt hohe direkte Hitze, braucht sie sogar, um die Maillard-Reaktion vollständig zu entwickeln und den Fettrand zu rendern. Das Filet (Tenderloin) auf der kleineren Seite ist der am wenigsten beanspruchte Muskel des Rindes. Kaum Fett, kaum Bindegewebe, extrem zarte Fasern — und genau deshalb reagiert es auf Überhitze mit sofortiger Übergare. Ein Filet, das 70°C überschreitet, ist kein Filet mehr. Es ist Schuhsohle. Der Knochen selbst spielt eine aktive Rolle: Er leitet Wärme langsamer als Fleisch und schützt die unmittelbar anliegenden Bereiche vor zu schneller Gare. Das ist kein Nachteil — es ist ein natürlicher Puffer, den du nutzen kannst. Die Kerntemperatur-Differenz zwischen beiden Muskeln beträgt bei einem korrekt gegrillten T-Bone am Ende 3–5°C. Das Filet zieht auf 52–54°C, das Rumpsteak auf 56–58°C. Medium Rare für beide — aber auf unterschiedlichen Wegen dorthin. § Das 3-Zonen-Setup: Kontrolle statt Chaos: Ein einzelner Brenner oder eine gleichmäßig befeuerte Kohle löst das Problem nicht. Du brauchst drei definierte Temperaturzonen: Zone 1 — Direkte Hochhitze (250–300°C): Hier findet der Sear statt. Gusseisen-Rost oder direkt über der Glut. Diese Zone gehört dem Rumpsteak. Zone 2 — Direkte Mittelhitze (180–220°C): Die Übergangszone. Hier liegt der Knochen, hier findet die Hauptgare statt. Zone 3 — Indirekte Hitze (120–150°C): Die Schutzzone für das Filet. Keine direkte Flamme, keine direkte Strahlungshitze von unten.
T-Bone Fiorentina – Toskanischer Klassiker vom Feuer; Rezept; T-Bone; Fortgeschritten; T-Bone Fiorentina, Toskanisches Steak, Hochkant grillen, Direkte Hitze, Fleischkern Rare; Steakakademie-Rezept: /rezepte/fleisch/t-bone-fiorentina; Authentische Fiorentina: 4–5 cm dickes T-Bone, hochkant gegrillt, außen Bark, innen blutig-rosa. Nur Salz, Olivenöl, Zitrone. Basis: 2 Personen (Mengen linear pro Person umrechenbar). Methode: Direkt, dick. Gesamtzeit: 27 Min. Zutaten (für 2 Personen): 1 Stück T-Bone Steak (Chianina oder Rind, 4–5 cm dick, ca. 800–1000 g) (Zimmertemperatur vor dem Grillen), 2 EL Natives Olivenöl Extra (Toskana-Qualität), 1 TL Fleur de Sel oder grobes Meersalz (Kurz vor dem Grillen), 1 Stück Zitrone (Zum Auspressen), 1 Prise Schwarzer Pfeffer (Frisch gemahlen, optional). Die Bistecca alla Fiorentina ist kein Rezept — sie ist eine Philosophie. Wenige Zutaten, maximale Hitze, null Kompromisse beim Fleisch. Wer das einmal richtig gemacht hat, versteht, warum die Toskaner seit Jahrhunderten auf alles andere verzichten. --- § Warum Chianina — und warum es einen Unterschied macht: Die originale Fiorentina kommt vom Chianina-Rind, einer der ältesten Rinderrassen der Welt aus dem Val di Chiana in der Toskana. Das Tier wird groß, schwer und langsam. Das Fleisch ist tiefrot, feinfaserig und hat eine charakteristische Festigkeit, die sich beim Grillen anders verhält als Wagyu oder Black Angus. Der entscheidende Punkt: Chianina hat weniger intramuskuläres Fett als stark marmorierte Rassen. Das bedeutet, das Fleisch verzeiht keine Fehler bei der Kerntemperatur. Zu weit gegart, wird es trocken und zäh — nicht weil das Fett fehlt, sondern weil die Proteinstruktur bei höheren Temperaturen kollabiert, ohne dass Fett als Puffer wirkt. Das Ziel ist deshalb konsequent blau bis blutig-rosa, also ein Kern zwischen 48 °C und maximal 52 °C. Das T-Bone selbst ist anatomisch ein Kompromiss: Auf einer Seite des Knochens liegt das Roastbeef (Striploin), auf der anderen das Filet. Beide Muskeln haben unterschiedliche Faserstrukturen und garen leicht unterschiedlich schnell. Das Filet ist zarter und reagiert empfindlicher auf Überhitzung. Wer das T-Bone hochkant auf den Knochen stellt — dazu gleich mehr — schützt genau diesen Bereich. Die Mindestdicke für eine echte Fiorentina liegt bei 4 cm, besser 5–6 cm. Alles darunter ist ein T-Bone-Steak. Erst ab dieser Dicke entsteht der thermische Gradient, der das Innere rosa hält, während außen eine echte Kruste entsteht. --- § Feuer, Technik und das Hochkant-Prinzip: Eine Fiorentina braucht direkte Strahlungshitze — kein Gasgrill, kein Elektro. Holzkohle oder besser noch Hartholzglut (Eiche, Buche) mit einer Oberflächentemperatur von mindestens 700–800 °C. Der Rost sollte so nah an der Glut liegen, dass das Fleisch in Sekunden reagiert. Die Technik ist simpel, aber präzise: 1. Fleisch auf Raumtemperatur bringen — mindestens 60 Minuten.
Tagliata di Manzo – Italienisches Grillroastbeef; Rezept; Roastbeef; Einfach; Tagliata di Manzo, Italienisches Grillroastbeef, Roastbeef grillen, Medium rare Steak, Ruccola Parmesan; Steakakademie-Rezept: /rezepte/fleisch/tagliata-di-manzo; Saftiges Roastbeef heiß gegrillt, medium rare, in Scheiben auf Ruccola mit Parmesan. Der italienische Klassiker für Grillmeister. Basis: 4 Personen (Mengen linear pro Person umrechenbar). Methode: Heiß, in Scheiben. Gesamtzeit: 27 Min. Zutaten (für 4 Personen): 800 g Roastbeef oder Entrecote, 5 cm dick (aus guter Quelle), 4 Handvoll Ruccola (frisch), 80 g Parmigiano Reggiano (in Spänen), 100 ml natives Olivenöl extra (hochwertig), 1 Prise Fleur de Sel (zum Abschmecken), 1 Prise schwarzer Pfeffer (frisch gemahlen), 2 Zehen Knoblauch (optional, gerieben). Die Tagliata di Manzo ist kein Rezept – sie ist eine Philosophie. Wenige Zutaten, maximale Qualität, null Kompromisse. Was in der Toskana seit Jahrhunderten auf den Tisch kommt, ist der Beweis, dass großes Fleisch keine Soße braucht. --- § Warum Hitze hier alles entscheidet: Tagliata bedeutet wörtlich „das Geschnittene" – und genau darin liegt der Kern des Gerichts. Ein dicker Cut, brutal heiß gegrillt, dann gegen die Faser aufgeschnitten. Die Maillard-Reaktion ist dabei kein Nebeneffekt, sondern das Ziel: Bei Temperaturen über 150 °C reagieren Aminosäuren und reduzierende Zucker zu hunderten neuer Aromaverbindungen. Das Ergebnis ist eine tiefbraune, leicht krustige Oberfläche – kein Grau, kein Dampfgaren, kein Kompromiss. Für diesen Effekt braucht es zwei Dinge: ein trockenes Fleisch und eine Grillzone, die wirklich heiß ist. Feuchtigkeit auf der Oberfläche kostet Energie – sie verdampft zuerst, bevor die Maillard-Reaktion überhaupt beginnen kann. Deshalb: Fleisch mindestens 30 Minuten vor dem Grillen aus dem Kühlschrank, trocken tupfen, kein Öl auf das Fleisch vor dem Grillen. Öl kommt danach. Die Kerntemperatur für Tagliata ist nicht verhandelbar: 52–54 °C für medium rare. Das Kollagen in einem Roastbeef oder Entrecôte ist bei dieser Temperatur noch intakt, die Muskelfasern haben sich kontrahiert aber nicht ausgetrocknet, und der Fleischsaft bleibt gebunden. Über 58 °C beginnt Myoglobin zu denaturieren – das Fleisch verliert seine rote Farbe und einen Großteil seiner Saftigkeit. Wer Tagliata well done serviert, hat das Konzept nicht verstanden. --- § Cut-Wahl, Resting und das richtige Schneiden: Der Cut: Klassisch ist Roastbeef (Striploin) oder Entrecôte (Ribeye). Beide funktionieren, aber mit unterschiedlichem Charakter. Das Entrecôte bringt mehr intramuskuläres Fett (Marmorierung), was bei hoher Hitze zu intensiveren Röstaromen führt und mehr Fehlertoleranz bei der Kerntemperatur gibt. Das Roastbeef ist fester in der Textur, hat einen klareren Fleischgeschmack und schneidet sich präziser – optisch oft überzeugender auf dem Teller. Dicke: mindestens 3–4 cm, besser 5 cm. Dünne Steaks überhitzen zu schnell, bevor die Oberfläche die gewünschte Bräunung erreicht.
Tavuk Şiş Kebab – Türkisches Hähnchen vom Spieß; Rezept; Hähnchen; Einfach; Tavuk Şiş Kebab, Hähnchen-Spieß, Joghurt-Marinade, Türkisches Grillen, Mangal-Rezept; Steakakademie-Rezept: /rezepte/fleisch/tavuk-sis-kebab; Saftiges Hähnchen-Kebab mit Joghurt-Paprika-Marinade. Über Nacht mariniert, direkt über Kohle gegrillt. Authentisch, einfach, unglaublich zart. Basis: 4 Personen (Mengen linear pro Person umrechenbar). Methode: Spieß, direkt. Gesamtzeit: 1440 Min. Zutaten (für 4 Personen): 800 g Hähnchenbrust (in 3 cm große Würfel geschnitten), 600 g Hähnchenschenkel (entbeint, in 3 cm große Würfel geschnitten), 300 ml Joghurt (Vollfett, natur), 3 EL Olivenöl (extra vergine), 2 EL Paprikapulver (edelsüß), 4 Zehen Knoblauch (fein gehackt), 1 TL Kreuzkümmel (gemahlenes Pulver), 1 TL Salz (Meersalz), 1 TL schwarzer Pfeffer (frisch gemahlen), 1 Stück Zitrone (für Saft und Abrieb), 1 Bund Petersilie (frisch, gehackt). Tavuk Şiş Kebab ist kein Grillhähnchen. Es ist ein Jahrtausende altes System — entwickelt in anatolischen Küchen, verfeinert über offenen Holzkohleglut, und bis heute das überzeugendste Argument dafür, dass Hähnchenbrust auf dem Grill saftig sein kann. Der Schlüssel liegt nicht im Fleisch, sondern in dem, was davor passiert. --- § Warum Joghurt-Marinade funktioniert — und Säure allein versagt: Die meisten Marinaden arbeiten mit Säure: Zitrone, Essig, Wein. Das Problem: Säure denaturiert Proteine an der Oberfläche, zieht Feuchtigkeit heraus und macht das Fleisch bei zu langer Einwirkzeit mehlig. Joghurt ist anders. Joghurt enthält Milchsäure — eine schwache organische Säure mit niedrigem pH-Wert, die langsam und gleichmäßig in die Fleischstruktur eindringt, ohne die Oberfläche zu zerstören. Gleichzeitig liefert er Fett und Proteine, die beim Grillen eine schützende Schicht bilden. Das Ergebnis: Hähnchenwürfel, die nach 12–24 Stunden Marinade innen zart und außen mit einer leichten Kruste aus karamellisierten Milchproteinen vom Grill kommen. Paprika — und hier ist türkisches Biber Salçası (Paprikamark) dem deutschen Paprikapulver klar überlegen — bringt zwei Dinge: Tiefe Umami-Noten durch Fermentation und natürliche Zucker, die auf dem Mangal für Röstaromen sorgen. Olivenöl transportiert fettlösliche Aromastoffe und verhindert, dass die Würfel am Rost oder Spieß kleben. Die Marinade im Detail: - Vollfett-Joghurt (min. 10% Fett) — kein Magerjoghurt, kein griechischer Joghurt ohne Weiteres - Rotes Paprikamark (Biber Salçası, scharf oder mild) - Geräuchertes Paprikapulver als Ergänzung - Olivenöl extra vergine - Knoblauch, frisch gepresst - Kreuzkümmel, Oregano, schwarzer Pfeffer - Salz erst kurz vor dem Spießen — nicht in die Marinade, sonst zieht es Feuchtigkeit Fleisch: Oberschenkel und Brust im Verhältnis 60:40. Oberschenkel verzeihen Hitze, Brust gibt Textur. Reine Brust ist möglich, aber fehleranfällig. --- § Der Mangal — und warum er kein Ersatz hat: Tavuk Şiş gehört auf den Mangal. Nicht auf den Gasgrill, nicht auf den Kugelgrill — auf den Mangal.
Texas Coleslaw: Kein Zucker, kein Kompromiss; Rezept; Kohl; Einfach; Texas Coleslaw, Coleslaw ohne Zucker, BBQ Beilage, Weißkohl Salat, Dijon Coleslaw, zuckerfreier Krautsalat, BBQ Krautsalat; Steakakademie-Rezept: /rezepte/beilagen/texas-coleslaw; Echter Texas Coleslaw ohne Zucker: Salzziehen, Dijon-Dressing, 2h Ruhezeit. Der perfekte Kontrapunkt zu fettem BBQ-Fleisch. Basis: 6 Personen (Mengen linear pro Person umrechenbar). Methode: Kalt mariniert. Gesamtzeit: 155 Min. Zutaten (für 6 Personen): 1 kg Weißkohl (Strunk entfernt, fein gehobelt — 2–3 mm Stärke), 12 g Salz (Zum Salzziehen, ca. 1,2% des Kohlgewichts), 60 ml Apfelessig (Naturtrüb, ungefiltert für mehr Tiefe), 30 g Dijon-Senf (Kein milder Senf — Dijon gibt Schärfe und Emulgierung), 120 g Mayonnaise (Vollfett, selbst gemacht oder gute Qualität — kein Miracel Whip), 5 g Sellerie-Salz (Gibt die typische Texas-Note), 3 g schwarzer Pfeffer (Frisch gemahlen, grob), 2 Stück Frühlingszwiebeln (Optional, in feine Ringe geschnitten). Wer glaubt, Coleslaw sei eine Beilage, die man eben so mitnimmt, hat noch nie einen echten Texas Coleslaw gegessen. Kein Zucker, kein Miracel Whip, keine cremige Süße, die sich mit dem Rub deines Briskets anlegt — sondern ein Dressing, das schneidet, entfettet und den nächsten Bissen erst möglich macht. Das ist keine Beilage. Das ist ein Werkzeug. § Die Chemie hinter dem Salzziehen: Weißkohl besteht zu über 90 % aus Wasser. Dieses Wasser sitzt in den Zellvakuolen und wird beim Kauen freigesetzt — was jeden Coleslaw, der nicht vorbereitet wurde, innerhalb von Minuten wässrig macht. Das Dressing verdünnt sich, die Textur kollabiert, der Geschmack flacht ab. Das Salzziehen löst dieses Problem durch Osmose. Wenn du den fein gehobelten Kohl mit Salz vermischst und 30 Minuten stehen lässt, zieht das Salz das freie Zellwasser nach außen. Du siehst es: Der Kohl liegt nach einer halben Stunde in einer kleinen Lache. Dieses Wasser drückst du aktiv aus — mit den Händen, kraftvoll, nicht symbolisch. Was übrig bleibt, ist Kohl mit komprimierter Zellstruktur: bissfest, stabil, aufnahmefähig für das Dressing. Der zweite Effekt ist geschmacklich. Salz bricht Pektine in der Zellwand auf und macht den Kohl milder, weniger roh-scharf. Das rohe Kohlsulfid-Aroma, das viele Menschen an Weißkohl stört, reduziert sich messbar. Was bleibt, ist eine saubere, leicht erdige Grundnote — genau das, was du willst. Wichtig: Nach dem Ausdrücken nicht nachsalzen, bevor du das Dressing abschmeckst. Der Kohl hat bereits Salz aufgenommen. Wer das ignoriert, versalzt den Coleslaw systematisch. § Das Dressing: Warum diese vier Zutaten und keine anderen: Apfelessig, Dijon-Senf, Mayonnaise, Sellerie-Salz, schwarzer Pfeffer. Fünf Komponenten. Keine Kompromisse, keine Ergänzungen, die das Konzept verwässern. Apfelessig liefert die Säure, die Fett spaltet. Wenn du Brisket, Pulled Pork oder Ribs isst, akkumuliert sich Fett auf dem Gaumen. Essigsäure emulgiert diese Fettschicht und bereitet den Gaumen für den nächsten Bissen vor.
Texas Dry Rub: Franklins 50/50-Prinzip für perfekte Bark; Rezept; Gewürzmischung; Einfach; Texas Dry Rub, Aaron Franklin Rub, Brisket Rub, SPG Rub, Bark Bildung, Texas BBQ, Salz Pfeffer Rub, Low and Slow Rub, Smoker Rub, Pfeffer Rub Rezept; Steakakademie-Rezept: /rezepte/saucen-rubs/texas-dry-rub; Salz, Pfeffer, fertig. Warum Aaron Franklins minimalistischer Texas Rub die beste Bark erzeugt – und wie du ihn für Ribs und Chicken anpasst. Basis: 4 Personen (Mengen linear pro Person umrechenbar). Methode: Kalt mischen. Gesamtzeit: 5 Min. Zutaten (für 4 Personen): 50 g grobes Meersalz (Körnung 1–2 mm, kein Jodsalz – Jod hemmt die Maillard-Reaktion), 50 g schwarzer Pfeffer, grob gemahlen (Körnung 2–3 mm, frisch gemahlen – kein Fertigpulver, das verbrennt). Wer Aaron Franklins Brisket zum ersten Mal sieht, fragt sich unweigerlich: Wie entsteht diese fast schwarze, knusprige Kruste aus zwei Zutaten? Die Antwort steckt in der Physik und Chemie des Rauchs — und in der Erkenntnis, dass Komplexität im Rub die Bark-Bildung aktiv sabotiert. § Warum Einfachheit die Bark maximiert: Bark ist keine Karamellisierung. Bark ist keine Maillard-Reaktion im klassischen Sinne. Bark ist das Ergebnis eines mehrstündigen Prozesses, bei dem Proteine, Fette, Rauchpartikel und Gewürze eine stabile, polymerisierte Kruste bilden. Hier liegt das Problem mit komplexen Rubs: Zucker karamellisiert bei 160–180 °C und verbrennt bei langen Garzeiten zu Bitterkeit. Paprika enthält Zucker und färbt zwar schön rot, konkurriert aber mit der Rauchanlagerung. Knoblauchpulver und andere feuchtigkeitsbindende Zutaten erzeugen eine klebrige Oberfläche, die Rauchpartikel zwar anzieht — aber gleichzeitig verhindert, dass die Kruste austrocknet und aushärtet. Salz hat eine einzige, entscheidende Aufgabe: Es entzieht dem Fleisch Oberflächenfeuchtigkeit durch Osmose. Diese Feuchtigkeit löst das Salz auf, zieht zurück ins Fleisch und denaturiert oberflächliche Proteine. Das Ergebnis ist eine trockene, proteinreiche Außenschicht — die perfekte Grundlage für Bark. Grober schwarzer Pfeffer liefert zwei Dinge: mechanische Struktur und Aromaverbindungen (Piperin, Terpene), die sich mit Rauchpartikeln verbinden. Die grobe Körnung ist dabei nicht optional. Fein gemahlener Pfeffer bildet eine dichte Schicht, die Feuchtigkeit einschließt. Grober Pfeffer — 16 Mesh ist Franklins Standard — schafft eine offene, dreidimensionale Matrix, durch die Rauch eindringen und Feuchtigkeit entweichen kann. Das 50/50-Verhältnis ist kein Kompromiss. Es ist das Gleichgewicht zwischen Feuchtigkeitsentzug (Salz) und Strukturaufbau (Pfeffer). Mehr Salz würde das Fleisch zu stark austrocknen. Mehr Pfeffer würde die Salzwirkung verdünnen. § Anwendung und Equipment: Was wirklich zählt: Mahlgrad ist alles. Kaufe keinen vorgemahlen Pfeffer. Eine Pfeffermühle auf gröbster Stufe reicht nicht. Der Standard in Texas-BBQ-Joints ist 16 Mesh — das entspricht etwa der Körnung von grobem Meersalz. Eine Gewürzmühle oder ein Mörser bringt dich näher dran als jede Supermarkt-Mühle. Timing des Rubs.
Thit Nuong - Vietnamesische Grillkoteletts mit Zitronengras; Rezept; Schweinekotelett; Einfach; Thit Nuong, Vietnamesische Grillkoteletts, Zitronengras-Marinade, Direkt grillen; Steakakademie-Rezept: /rezepte/fleisch/thit-nuong-vietnam; Marinierte Schweinekoteletts nach vietnamesischer Art: Zitronengras, Knoblauch, Fischsauce. Scharf gegrillt, karamellisiert. Mit Nuoc Cham. Basis: 4 Personen (Mengen linear pro Person umrechenbar). Methode: Direkt. Gesamtzeit: 42 Min. Zutaten (für 4 Personen): 8 Stück Schweinekoteletts (ca. 150g pro Stück, 2cm dick), 4 Stängel Zitronengras (weiße Teile, fein gehackt), 6 Zehen Knoblauch (gehackt), 3 EL Fischsauce (Nuoc Mam), 2 EL Zucker (brauner Zucker bevorzugt), 2 EL Sesamöl, 1 TL schwarzer Pfeffer (frisch gemahlen), 2 EL Pflanzenöl (zum Grillen), 1 Portion Reisnudeln (gekocht, zum Servieren), 1 Portion Nuoc Cham (Dipping-Sauce). Thit Nuong ist der Beweis, dass großes BBQ keine zwölf Stunden Garzeit braucht. Dünne Schweinekoteletts, eine Marinade aus wenigen, präzise abgestimmten Zutaten, direkte Hitze — und das Ergebnis schlägt geschmacklich alles, was du in einer Stunde vom Grill holen kannst. --- § Die Chemie hinter der Karamellisierung: Der Schlüssel zu Thit Nuong liegt im Zucker. Nicht als Süßungsmittel, sondern als Reaktionspartner. Die Marinade enthält eine signifikante Menge Zucker — traditionell weißer Kristallzucker oder Palmzucker — der bei direkter Holzkohle-Hitze ab etwa 160 °C zu karamellisieren beginnt. Gleichzeitig liefert die Fischsauce freie Aminosäuren, die mit den reduzierenden Zuckern eine Maillard-Reaktion eingehen. Das Ergebnis: eine dunkel-glänzende, leicht bittere Kruste mit einer Tiefe, die weit über das hinausgeht, was die einzelnen Zutaten vermuten lassen. Zitronengras spielt dabei eine unterschätzte Rolle. Die ätherischen Öle — vor allem Citral — sind flüchtig. Sie verdampfen bei Hitze schnell, hinterlassen aber aromatische Abbauprodukte, die sich in die Kruste einbrennen. Deshalb muss das Zitronengras für die Marinade fein gehackt oder im Mörser zerstoßen werden, nicht nur grob geschnitten. Nur so werden die Ölzellen aufgebrochen und die Aromastoffe freigesetzt, die dann tatsächlich ins Fleisch einziehen. Sesamöl ist kein Geschmacksverstärker, sondern ein Emulgator in diesem Kontext: Es hilft, die wasserbasierte Fischsauce und die fettlöslichen Aromastoffe des Zitronengras zu verbinden und sorgt dafür, dass die Marinade gleichmäßig am Fleisch haftet. Geröstetes Sesamöl kommt ausschließlich am Ende der Marinade hinzu — nie zum Anbraten, da es einen sehr niedrigen Rauchpunkt hat und bei direkter Grillhitze verbrennt, bevor es seinen Job tun kann. --- § Equipment und Technik: Warum Holzkohle hier nicht verhandelbar ist: Thit Nuong funktioniert auf einem Gasgrill. Aber es funktioniert nicht richtig. Der Grund ist Rauch und Strahlungshitze. Holzkohle — idealerweise Binchotan oder hochwertige Grillbriketts — erzeugt eine Infrarotstrahlung, die die Oberfläche des Fleisches anders trifft als Gasbrennerflammen.
Thunfisch-Steak vom Grill – Sushi-Qualität, Kern roh; Rezept; Thunfisch; Mittel; Thunfisch grillen, Ahi-Steak, Sushi-Qualität, Medium rare Fisch, Sesamkruste; Steakakademie-Rezept: /rezepte/fisch/thunfisch-steak-grill; Ahi-Thunfisch mit Sojamarinade und Sesamkruste. 90 Sekunden pro Seite auf glühend heißem Grill – außen Bark, innen tiefrot. Perfekt medium rare. Basis: 2 Personen (Mengen linear pro Person umrechenbar). Methode: Sehr heiß, sehr kurz direkt. Gesamtzeit: 18 Min. Zutaten (für 2 Personen): 2 Stück Ahi-Thunfisch-Steaks (je 180–200g, Sushi-Qualität) (Mindestens 3cm dick), 60 ml Sojasauce (hochwertig, kein Würzmittel), 30 ml Sesamöl (dunkles) (gibt Aroma und Umami), 15 g Ingwer (frisch) (fein gerieben), 2 Zehen Knoblauch (gepresst), 30 g Sesamsamen (weiß und schwarz) (optional für Kruste), 15 ml Reisessig, 5 g Meersalz (zum Würzen vor dem Grill), 2 g schwarzer Pfeffer (frisch gemahlen). Thunfisch auf dem Grill ist kein Kompromiss – es ist eine Disziplin. Wer ein Ahi-Steak in Sushi-Qualität über die Glut legt, spielt mit denselben Regeln wie ein japanischer Itamae: maximale Hitze, minimale Zeit, null Toleranz für Fehler. --- § Die Physik des perfekten Sears – warum 60 Sekunden alles entscheiden: Thunfisch ist muskulöses, fettarmes Fleisch mit einem Wassergehalt von rund 70 %. Genau das macht ihn so anfällig. Sobald die Kerntemperatur über 50–55 °C steigt, beginnen die Myosin-Proteine zu denaturieren und Wasser auszutreiben. Das Ergebnis: grauer, trockener, krümeliger Fisch – das Gegenteil von dem, was du willst. Das Ziel ist die Maillard-Reaktion an der Oberfläche, während der Kern kalt bleibt. Dafür brauchst du einen thermischen Gradienten, der so steil ist, dass die äußersten 2–3 mm auf über 180 °C kommen, bevor die Wärme überhaupt nennenswert in den Kern eindringt. Das funktioniert nur mit extremer Oberflächentemperatur – mindestens 300 °C auf dem Rost, besser 350 °C und mehr. Ein 3–4 cm dickes Ahi-Steak ist hier dein Verbündeter. Die Masse des kalten Kerns wirkt als Puffer. Dünnere Scheiben verzeihen keine Sekunde Unaufmerksamkeit. Kaufe deshalb ausschließlich Stücke mit mindestens 3 cm Stärke – und lass sie vor dem Grillen nicht auf Raumtemperatur kommen. Kalt aus dem Kühlschrank auf den heißen Rost: Das verlängert das Zeitfenster, in dem der Kern roh bleibt. Die Marinade aus Sojasauce, Sesamöl und frisch geriebenem Ingwer erfüllt zwei Funktionen: Sie würzt die Oberfläche und liefert Zucker (aus der Soja) sowie Öl, die die Maillard-Reaktion beschleunigen. Marinierzeit: 20–30 Minuten, nicht länger. Sojasauce ist salzig genug, um bei längerer Einwirkung die Oberflächenstruktur zu verändern und Feuchtigkeit zu ziehen – das sabotiert den Sear. --- § Equipment und Technik: Was du brauchst, um es richtig zu machen: Der Rost ist entscheidend. Gusseisen speichert Wärme und gibt sie gleichmäßig ab – ideal für definierte Gitterstreifen und gleichmäßige Krustenbildung. Ein dünner Chromstahlrost kühlt beim Auflegen des kalten Fischs sofort ab.
Tomahawk Steak Reverse Sear – perfekt auf den Punkt; Rezept; Tomahawk Steak; Mittel; Tomahawk Steak, Reverse Sear, Gusseisenpfanne, Oberhitzegrill, Ribeye am Knochen, Steak Kerntemperatur, BBQ Rezept, Dry Aged Steak; Steakakademie-Rezept: /rezepte/fleisch/tomahawk-reverse-sear; 1 kg Tomahawk Steak per Reverse Sear: Backofen bei 100°C, finales Sear bei 900°C. Warum der Knochen dein bester Verbündeter ist. Basis: 2 Personen (Mengen linear pro Person umrechenbar). Methode: Reverse Sear. Gesamtzeit: 105 Min. Zutaten (für 2 Personen): 1 kg Tomahawk Steak (mind. 5 cm Dicke, idealerweise Dry Aged 21–28 Tage), 2 TL grobes Meersalz (mind. 45 Min. vor dem Garen auftragen oder über Nacht), 1 TL schwarzer Pfeffer, grob gemahlen (erst nach dem Sear aufgetragen verhindert Verbrennen), 2 EL Butterschmalz oder Rindertalg (für die Pfanne – Rauchpunkt über 200°C zwingend), 2 Zweige frischer Rosmarin (optional, zum Aromatisieren beim Sear), 3 Zehen Knoblauch (angedrückt, nicht gehackt – verhindert Verbrennen). Ein Tomahawk Steak ist keine Portion – es ist eine Ansage. Der 30 bis 40 cm lange Rippenknochen, das marmorierte Ribeye-Fleisch mit bis zu 5 cm Dicke: Wer diesen Cut falsch behandelt, verschwendet nicht nur Geld, sondern eine der besten Fleischqualitäten, die der Rücken eines Rindes zu bieten hat. Reverse Sear ist hier keine Methode unter vielen – es ist die einzig logische Antwort auf die physikalischen Realitäten dieses Cuts. § Die Physik hinter Reverse Sear bei extremer Fleischdicke: Klassisches Anbraten zuerst, dann Ofen – das funktioniert bei einem 2 cm Entrecôte. Bei 5 cm Fleischdicke ist es ein Rezept für graue Randzonen und einen rohen Kern. Das Problem heißt Temperaturgradient: Hitze wandert von außen nach innen, und bei einem Tomahawk ist der Weg lang. Reverse Sear dreht die Logik um. Im Backofen bei 100°C erwärmst du das Fleisch extrem langsam und gleichmäßig. Die Wärme hat Zeit, sich ohne Stress durch das gesamte Fleisch zu verteilen. Das Ergebnis: ein nahezu uniformes Garbild von Rand zu Rand – kein grauer Ring, nur das gewünschte Rosa. Zielkerntemperatur für den Ofen-Schritt: 48°C. Das klingt nach wenig, ist aber kalkuliert. Der finale Sear bei 900°C treibt die Kerntemperatur noch einmal um 3 bis 5°C nach oben – je nach Kontaktzeit und Fleischmasse. Der Knochen spielt dabei eine unterschätzte Rolle. Knochen leitet Wärme schlechter als Muskelgewebe – er wirkt als natürlicher Isolator. Das bedeutet: Das Fleisch direkt am Knochen gart langsamer. Wer das ignoriert und die Kerntemperatur in der Mitte des Fleisches misst, riskiert, dass der knochennahe Bereich noch kühler ist. Thermometer immer in den dicksten Teil des Muskels, nicht in Knochennähe. Gleichzeitig ist dieser Isolationseffekt ein Vorteil: Das Fleisch am Knochen bleibt saftiger, weil es weniger Hitzeexposition erfährt. Der Knochen schützt. § Equipment: Warum Gusseisen und Oberhitzegrill keine Kompromisse sind: Der Sear entscheidet über alles, was du im Ofen aufgebaut hast. Hier gibt es zwei valide Optionen – und keine davon ist eine Teflonpfanne.
Tri-Tip Santa Maria – kalifornischer Klassiker vom Holzfeuer; Rezept; Tri-Tip; Mittel; Tri-Tip Santa Maria, kalifornisches BBQ, Rotholz Grill, indirektes Grillen, Fleisch Kerntemperatur; Steakakademie-Rezept: /rezepte/fleisch/tri-tip-santa-maria; Tri-Tip nach Santa-Maria-Tradition: Rotholz, minimalistischer Rub, 54°C Kerntemperatur. Das Original aus Kalifornien. Basis: 4 Personen (Mengen linear pro Person umrechenbar). Methode: Indirekt + Holz. Gesamtzeit: 105 Min. Zutaten (für 4 Personen): 1 kg Tri-Tip Steak (Marbling-Qualität, Fettkappe intakt), 2 TL Meersalz (grobes Körnung), 1 TL schwarzer Pfeffer (frisch gemahlen), 4 Zehen Knoblauch (fein gehackt), 2 Handvoll Rotholz-Chips (oder Eichenholz als Alternative). Das Tri-Tip ist der Beweis, dass Größe keine Frage des Formats ist. Dieser dreieckige Muskel aus der Hüfte des Rinds wiegt selten mehr als 1,5 Kilogramm — und hat trotzdem das Zeug, jeden Ribeye-Fetischisten zum Umdenken zu bringen. Santa Maria, Zentralkalifornien, 1950er Jahre: Hier wurde aus einem Schlachterrest eine Legende. § Warum Tri-Tip funktioniert — Anatomie und Muskelstruktur: Das Tri-Tip ist der Musculus tensor fasciae latae, ein Muskel aus dem hinteren Bereich der Hüfte. Er arbeitet moderat — nicht so intensiv wie die Schulter, nicht so wenig wie das Filet. Das Ergebnis ist ein Fleisch mit echtem Biss, ausgeprägtem Rindfleischaroma und einer Fettmarmorierung, die zwar nicht mit einem Wagyu mithalten kann, aber für die Gartemperatur von 54–57 °C Kerntemperatur absolut ausreicht. Entscheidend ist die Faserrichtung: Das Tri-Tip hat zwei unterschiedliche Faserverläufe, die sich in der Mitte des Stücks treffen. Wer das ignoriert und das Fleisch in einer einzigen Richtung aufschneidet, bekommt auf einer Hälfte zarte Scheiben, auf der anderen zähe Streifen. Die Lösung: Das Stück nach dem Garen teilen, dann jede Hälfte separat quer zur Faser schneiden. Die Kerntemperatur von 54 °C (Medium Rare) ist hier keine Empfehlung — sie ist der Punkt, an dem das Tri-Tip seine beste Version von sich zeigt. Darüber wird der Muskel zunehmend trocken, weil das intramuskuläre Fett nicht ausreicht, um höhere Temperaturen zu kompensieren. § Das Holzfeuer ist kein Accessoire — es ist das Rezept: Santa-Maria-Stil bedeutet Red Oak. Roteiche (Quercus rubra) brennt heiß, sauber und gibt ein charakteristisches, leicht nussiges Raucharoma ab, das sich nicht aufdrängt. In Deutschland ist Roteiche schwer zu bekommen — Eiche generell funktioniert als Ersatz, ebenso Buche mit einem kleinen Anteil Kirsche für Tiefe. Das Setup ist simpel und effektiv: indirektes Feuer über Holzglut, keine Briketts, kein Gas. Die Temperatur im Garraum sollte zwischen 150 und 170 °C liegen — heißer als klassisches Low & Slow, aber kein direktes Grillen. Das Tri-Tip braucht keine stundenlange Garzeit; bei dieser Temperatur ist ein 1,2-kg-Stück in 45–60 Minuten bei Kerntemperatur. Der Rub ist bewusst minimalistisch: grobes Meersalz, schwarzer Pfeffer, Knoblauchpulver. Verhältnis 2:1:1. Keine Zucker, keine Paprika, keine Kräuter.
Tsukune Yakitori – Japanische Hähnchen-Spieße mit Miso; Rezept; Hähnchenhack; Mittel; Yakitori, Tsukune, Hähnchen-Spieße, Japanisches Grillen, Miso-Glasur; Steakakademie-Rezept: /rezepte/fleisch/tsukune-yakitori; Saftige Hähnchen-Hackspieße mit Ingwer und Miso, gegrillt und mit süßer Tare glasiert. Traditionell mit rohem Eigelb zum Dippen. Basis: 4 Personen (Mengen linear pro Person umrechenbar). Methode: Direkt, Yakitori-Grill. Gesamtzeit: 37 Min. Zutaten (für 4 Personen): 600 g Hähnchenhack (frisch, nicht gefroren), 2 EL Miso-Paste (rotes oder weißes Miso), 1 Stück Ingwer (3 cm) (fein gerieben), 3 Stück Frühlingszwiebeln (in feine Ringe geschnitten), 1 Stück Ei (nur das Eigelb, roh), 2 EL Sojasauce (hochwertig), 1 EL Mirin (oder Honig), 1 TL Zucker, 1 Prise Salz, 1 Prise weißer Pfeffer. Tsukune ist Yakitori in seiner reinsten Form — keine Ausrede, kein Versteck. Wer Hähnchen-Hackfleisch auf einen Bambusspieß drückt und über glühende Binchotan-Kohle hält, bekommt sofort Feedback: Die Masse hält oder sie fällt. Das Gericht kommt aus den Yakitori-Yatai Japans, wo Köche jahrzehntelang dieselbe Bewegung perfektionieren. Für uns ist es ein Lehrstück in Textur, Hitze und Umami-Schichtung. § Warum Tsukune klebt — und warum das Physik ist: Hähnchenhack hat von Natur aus wenig Bindeprotein. Das Problem: Myosin, das Strukturprotein, das beim Kneten aufgebrochen wird und die Masse zusammenhält, ist in Geflügel weniger konzentriert als in Rind oder Schwein. Wer einfach Hack in die Hand nimmt und auf einen Spieß drückt, bekommt beim ersten Kontakt mit der Grillhitze eine Katastrophe. Die Lösung ist mechanische Arbeit kombiniert mit Salz. Salz löst Myosin aus den Muskelfasern heraus — das Protein wird löslich, klebrig, funktional. Deshalb wird die Hackmasse für Tsukune nicht kurz gerührt, sondern aggressiv geknetet, bis sie eine leicht fadenziehende, fast pastöse Konsistenz hat. Wer das mit der Hand macht, spürt den Moment: Die Masse wechselt von körnig zu seidig. Genau da ist der Punkt. Miso übernimmt eine Doppelrolle: Es bringt Glutamat (Umami-Tiefe) und gleichzeitig Feuchtigkeit, die beim Grillen als Puffer wirkt. Shiro-Miso (weißes Miso) ist die erste Wahl — milder, süßlicher, weniger dominant als Aka-Miso. Ingwer und Frühlingszwiebel sind keine Dekoration. Ingwer enthält Proteasen, die Proteinstrukturen leicht aufbrechen und die Textur zarter machen. Frühlingszwiebel gibt Schwefelverbindungen, die mit der Maillard-Reaktion auf der Kohle interagieren und das typische Yakitori-Aroma erzeugen. § Binchotan, Tare und die Kunst des Glasierens: Traditionelles Yakitori wird über Binchotan gegrillt — japanische Weißkohle aus Ubame-Eiche. Binchotan brennt heißer, länger und mit weniger Rauch als normale Holzkohle. Das ist kein Snobismus: Tsukune braucht direkte, intensive Strahlungshitze ohne Rauchüberlagerung, weil die Tare-Glasur das Aromaprofil definiert.
Wagyu-Burger: Luxus-Patty vom Grill; Rezept; Wagyu-Hack; Mittel; Wagyu-Burger, Japanisches Rind-Hack, Grill-Burger Rezept, Smash Burger; Steakakademie-Rezept: /rezepte/fleisch/wagyu-burger; Saftiger Wagyu-Burger mit hochwertigem japanischem Rind-Hack. Kurz gegrillt, perfekt medium. Anleitung für lockere Patties ohne Auspressen. Basis: 2 Personen (Mengen linear pro Person umrechenbar). Methode: Smash / Grill. Gesamtzeit: 23 Min. Zutaten (für 2 Personen): 300 g Wagyu-Hack (mind. 25% Fettanteil) (frisch, nicht gefroren), 1 Prise Meersalz (grobes Körner), 1 Prise schwarzer Pfeffer (frisch gemahlen), 2 Stück Burger-Buns (hochwertig, leicht geröstet), 30 g Butter (für die Buns), 60 g Tomaten (in Scheiben), 40 g Salat (Blattgold oder Eisbergsalat), 20 g Zwiebel (dünn geschnitten, roh oder kurz gegrillt). Wagyu-Hack ist kein gewöhnliches Hackfleisch — es ist intramuskuläres Fett in seiner reinsten Form, das beim Grillen zu etwas wird, das normale Burger-Patties schlicht nicht erreichen können. Wer einmal ein Wagyu-Patty medium vom Grill gegessen hat, versteht sofort, warum dieser Rohstoff eine eigene Kategorie verdient. Das Ziel: maximale Saftigkeit, eine knusprige Kruste, und ein Kern, der noch rosa leuchtet. § Die Fettstruktur von Wagyu-Hack und warum sie alles verändert: Wagyu-Rinder — ursprünglich aus Japan, heute auch in Australien und Europa gezüchtet — haben durch genetische Veranlagung und spezifische Fütterung einen außergewöhnlich hohen Anteil an intramuskulärem Fett. Beim Hack bedeutet das: Der Fettanteil liegt je nach Qualitätsstufe zwischen 20 und 35 Prozent, verteilt in feinen Marmorierungsadern durch das gesamte Fleisch. Normales Rinderhack aus der Supermarktkühltheke kommt auf 15–20 Prozent, und selbst das ist oft ungleichmäßig verteilt. Dieser Unterschied hat direkte Konsequenzen für das Grillverhalten. Wagyu-Fett hat einen niedrigeren Schmelzpunkt als das Fett anderer Rinderrassen — das liegt am höheren Anteil an ungesättigten Fettsäuren, insbesondere Ölsäure. Das Fett beginnt bereits bei niedrigeren Temperaturen zu schmelzen und durchdringt das Patty von innen heraus. Das Ergebnis ist ein Burger, der selbst bei medium-rare-Kerntemperatur (ca. 55–57 °C) saftig bleibt, weil das Fett als interner Feuchtigkeitsspeicher fungiert. Genau deshalb gilt: Wagyu-Hack niemals zu einem festen, kompakten Patty pressen. Je lockerer die Struktur, desto mehr Kanäle bleiben für das schmelzende Fett offen. Ein zu fest geformtes Patty verhindert diesen Prozess und macht aus einem 40-Euro-Kilo Hack einen mittelmäßigen Burger. § Patty-Formung, Hitzemanagement und das richtige Equipment: Die Formung beginnt mit kaltem Hack — idealerweise direkt aus dem Kühlschrank, nicht aus dem Gefrierfach. Kaltes Fett hält die Struktur beim Formen besser, schmilzt nicht vorzeitig durch Handwärme und gibt dem Patty Stabilität ohne Kompression. Gewicht pro Patty: 180–220 g.
Wagyu-Steak perfekt braten – Japanische Marmorierung nutzen; Rezept; Wagyu; Profi; Wagyu-Steak braten, Japanisches Wagyu zubereiten, Marmoriertes Fleisch garen, Niedrigtemperatur-Steak, Wagyu-Rezept; Steakakademie-Rezept: /rezepte/fleisch/wagyu-steak-braten; Wagyu richtig zubereiten: niedrige Hitze, kurze Garzeit, kein zusätzliches Fett. So bleibt die Marmorierung der Star. Basis: 2 Personen (Mengen linear pro Person umrechenbar). Methode: Kurz, kontrolliert. Gesamtzeit: 23 Min. Zutaten (für 2 Personen): 2 Stück Wagyu-Steaks (je 200–250 g, mind. A5-Qualität) (Zimmertemperatur vor dem Braten), 1 Prise Meersalz (Grobes Salz, erst kurz vor dem Braten), 1 Prise Schwarzer Pfeffer (Frisch gemahlen), 1 Stück Knoblauchzehe (Optional, ganz), 2 Zweige Thymian oder Rosmarin (Optional, für Aroma). Wagyu ist kein Steak, das du mit Gewalt behandelst. Die extreme intramuskuläre Fettverteilung — bei A5-Qualität aus der Präfektur Miyazaki oder Kobe bis zu 30 % Fettanteil im Muskelgewebe — macht konventionelle Garmethoden zur Bedrohung, nicht zur Lösung. Wer hier mit 300 °C-Gusseisen und Butterschmalz rangeht, verbrennt das Beste, was dieses Fleisch zu bieten hat. § Die Wissenschaft hinter der Marmorierung: Intramuskuläres Fett (IMF) ist nicht gleich Fett. Bei Wagyu-Rindern der japanischen Rasse Kuroge Washu liegt der Schmelzpunkt des Fettes deutlich unter dem anderer Rinderrassen — zwischen 25 und 30 °C, verglichen mit 40–50 °C bei konventionellem Angus oder Hereford. Das ist kein Zufall, sondern Genetik: Wagyu-Rinder haben einen höheren Anteil an ungesättigten Fettsäuren, insbesondere Ölsäure, die auch in Olivenöl dominiert. Was bedeutet das für die Pfanne? Das Fett beginnt zu schmelzen, bevor das Fleisch überhaupt nennenswert Hitze aufgenommen hat. Es schmiert sich quasi selbst — das Steak braucht kein externes Fett in der Pfanne. Mehr noch: Zu viel Hitze treibt das IMF zu schnell aus dem Gewebe, bevor die Maillard-Reaktion an der Oberfläche abgeschlossen ist. Das Ergebnis ist ein ausgelaugtes, trockenes Stück Fleisch, das nach nichts schmeckt — trotz eines Einkaufspreises, der einen Moment des Schweigens verdient. Die Zielkerntemperatur liegt bei Wagyu tiefer als du denkst: 45–50 °C für Medium-Rare. Das Fett ist bei dieser Temperatur bereits vollständig geschmolzen und verteilt sich im Biss gleichmäßig. Über 55 °C beginnt das Gewebe zu kontrahieren und presst das Fett heraus — unwiederbringlich. § Equipment und Technik: Weniger ist mehr: Die Pfanne: Schweres Edelstahl oder Gusseisen, aber auf mittlerer Hitze vorgeheizt — nicht auf Maximum. Ziel ist eine Oberflächentemperatur von 180–200 °C, nicht 280 °C. Ein Infrarot-Thermometer ist hier kein Luxus, sondern Präzisionswerkzeug. Kein Fett in die Pfanne. Das Wagyu-Steak selbst gibt beim ersten Kontakt sofort Fett ab. Wer trotzdem Öl oder Butter hinzufügt, verdünnt den Eigengeschmack und riskiert Verbrennungen durch das zusätzliche Fett bei zu hoher Hitze. Schnittdicke: Japanisches Wagyu wird traditionell dünn geschnitten — 1 bis 1,5 cm.
Wagyu Yakiniku – Japanischer Tischgrill nach Tokioter Art; Rezept; Wagyu; Mittel; Wagyu Yakiniku, Japanischer Tischgrill, Wagyu Rezept, Yakiniku Tare; Steakakademie-Rezept: /rezepte/fleisch/wagyu-yakiniku; Hauchdünnes Wagyu-Fleisch sekündlich gegrillt, mit authentischer Tare-Sauce. Japanische Tischgrill-Tradition für zu Hause. Schritt-für-Schritt erklärt. Basis: 4 Personen (Mengen linear pro Person umrechenbar). Methode: Tischgrill. Gesamtzeit: 45 Min. Zutaten (für 4 Personen): 800 g Wagyu A5 (Ribeye oder Striploin), tiefgefroren (Mindestens 2 Stunden vor Gebrauch ins Gefrierfach), 150 ml Tare-Sauce (Sojasauce, Mirin, Sake, Zucker, Knoblauch, Ingwer) (Selbstgemacht oder hochwertig gekauft), 200 g Gemüse (Shiitake, Enoki, Paprika, Frühlingszwiebeln) (In mundgerechte Stücke geschnitten), 2 Stück Limetten (Zum Auspressen), 1 Prise Meersalz (Zum Würzen vor dem Grill), 1 TL Sesam (schwarz und weiß gemischt) (Zum Bestreuen). Wagyu Yakiniku ist die reinste Form der Fleischverehrung: kein Rub, keine Marinade, keine Ablenkung — nur Fett, Hitze und der Moment. Wer einmal in Tokio an einem Tischgrill gesessen hat, versteht, warum diese Technik seit Jahrzehnten unverändert bleibt. Sie braucht keine Verbesserung. § Die Wissenschaft hinter dem Schmelzpunkt: Wagyu — insbesondere A5-Qualität aus Präfekturen wie Miyazaki oder Kagoshima — unterscheidet sich biochemisch fundamental von europäischem Rindfleisch. Der entscheidende Faktor: der außergewöhnlich hohe Anteil an ungesättigten Fettsäuren, allen voran Ölsäure. Diese senkt den Schmelzpunkt des intramuskulären Fetts auf etwa 25–30 °C. Zum Vergleich: Fett bei konventionellem Rind schmilzt erst bei 40–50 °C. Das hat direkte Konsequenzen für die Gartechnik. Hauchduenn geschnittenes Wagyu — 2 bis 3 mm, idealerweise halb gefroren aufgeschnitten — braucht auf einem 250–300 °C heißen Grill buchstäblich 10 bis 15 Sekunden pro Seite. In dieser Zeit schmilzt das Fett ins Fleisch, die Maillard-Reaktion setzt an der Oberfläche ein, und das Protein zieht sich minimal zusammen. Länger grillen bedeutet: das Fett tropft weg, die Textur wird zäh, der Schmelzeffekt ist verloren. Es gibt kein Zurück. Die Marmorierung — auf der japanischen BMS-Skala (Beef Marbling Standard) von 1 bis 12 bewertet — ist bei A5-Wagyu so dicht, dass das Fleisch unter Raumtemperatur bereits beginnt, sein Fett freizusetzen. Deshalb gilt: Wagyu für Yakiniku niemals bei Zimmertemperatur liegen lassen. Direkt aus dem Kühlschrank auf den Grill. § Equipment und Setup: Der Tischgrill als Instrument: Authentisches Yakiniku funktioniert über Binchotan — japanische Weißkohle aus Ubame-Eiche. Binchotan brennt nahezu rauchfrei, hält Temperaturen von 600–800 °C an der Oberfläche und gibt keine Fremdaromen ab. Das ist kein Luxus, das ist Voraussetzung. Holzkohlebriketts oder Grillkohle mit Bindemitteln würden das neutrale Fettaroma des Wagyu mit Rauch überlagern — ein Sakrileg.
Wine Dog – Bratwurst in Rotwein pochiert, dann gegrillt; Rezept; Bratwurst; Einfach; Wine Dog, Hot Dog Grill, Bratwurst in Rotwein, Gourmet Hot Dog, Bratwurst pochieren; Steakakademie-Rezept: /rezepte/fleisch/wine-dog; Der elegante Hot Dog: grobe Bratwurst sanft in Cabernet Sauvignon pochiert, kurz angegrillt und mit reduzierter Weinglace im gedämpften Brötchen serviert. Tiefrote Farbe, saftiger Biss. Basis: 4 Personen (Mengen linear pro Person umrechenbar). Methode: Pochieren, dann direkt angrillen. Gesamtzeit: 50 Min. Zutaten (für 4 Personen): 4 Stück Grobe frische Bratwürste (roh, nicht vorgebrüht, mild gewürzt), 500 ml Rotwein (kräftig und farbintensiv, z. B. Cabernet Sauvignon), 1 Stück Zwiebel (in feinen Streifen), 1 Stück Lorbeerblatt, 1 TL Senfkörner, 2 TL Zucker, 4 Stück Hot-Dog-Brötchen (weich — werden gedämpft, nicht geröstet), 2 EL Dijon-Senf (zum Servieren). Der Hot Dog hat ein Imageproblem: Wasserwurst, Discounter-Brötchen, Ketchup. Der Wine Dog dreht das um — mit einer einzigen Technik-Änderung, die aus der Bratwurst ein Gericht macht: Pochieren im Rotwein statt Brühen im Wasser. § Was das Weinbad wirklich macht: Pochieren heißt: garen knapp unter dem Siedepunkt, um die 80 °C im Sud. Für eine grobe Bratwurst ist das die schonendste aller Garmethoden — die Muskelproteine denaturieren langsam und gleichmäßig, das Brät bleibt saftig, nichts platzt, nichts trocknet aus. Der Unterschied zum kochenden Wasser ist derselbe wie zwischen einem sanft gezogenen und einem verkochten Ei. Der Wein liefert dabei zwei Dinge. Erstens Farbe: Seine Anthocyane — die Farbpigmente roter Trauben — ziehen in die Wursthaut ein und färben sie tief burgunderrot; deshalb braucht es einen farbintensiven Wein wie Cabernet Sauvignon, ein blasser Spätburgunder liefert blasse Dogs. Zweitens Aroma: Säure und Gerbstoffe des Weins würzen das Brät von außen, und der Sud wird anschließend nicht weggeschüttet, sondern zur Glace reduziert — aus dem Garmedium wird die Sauce. Das kurze Angrillen danach ist reine Maillard-Arbeit: Röstaromen auf die bereits perfekt gegarte Wurst. Garzustand und Bräunung sind entkoppelt — das gleiche Prinzip wie beim Reverse Sear, nur im Kleinformat. § Das gedämpfte Brötchen: So kontraintuitiv es klingt: Das klassische Hot-Dog-Brötchen wird nicht geröstet, sondern gedämpft. Ein geröstetes Brötchen splittert beim Reinbeißen und schiebt den Belag heraus; ein gedämpftes ist weich, warm und formt sich um die Wurst. Auf dem Grill reicht dafür eine Minute in der indirekten Zone über einer kleinen Wasserschale. § Häufige Fehler: Sud sprudelnd gekocht. Geplatzte Häute, ausgelaugtes Brät. Der Sud dampft, er kocht nicht. Billiger, blasser Wein. Die Farbe ist der halbe Auftritt. Kräftig und dunkel muss er sein — teuer nicht. Vorgebrühte Würste verwendet. Sie nehmen kaum noch Farbe und Aroma an. Rohe, grobe Bratwurst ist die Grundlage des Rezepts.
Yakitori Negima – Hähnchen & Lauch vom Binchotan-Grill; Rezept; Hähnchenschenkel; Mittel; Yakitori Negima, Japanisches Grill-Rezept, Hähnchen grillen, Binchotan-Kohle, Tare-Sauce; Steakakademie-Rezept: /rezepte/fleisch/yakitori-negima; Authentisches Yakitori Negima: Hähnchenschenkel und Negi-Lauch auf Bambusspieße, über glühender Binchotan-Kohle gegrillt und mehrfach in Tare-Sauce getaucht. Basis: 4 Personen (Mengen linear pro Person umrechenbar). Methode: Direkt, Yakitori-Grill. Gesamtzeit: 45 Min. Zutaten (für 4 Personen): 800 g Hähnchenschenkel (ohne Haut, in 2-cm-Würfel) (Frische Qualität essentiell), 2 Stangen Negi-Lauch oder japanischer Frühlingszwiebel (In 2-cm-Stücke geschnitten), 100 ml Sojasauce (Hochwertige japanische Sorte), 50 ml Mirin (Süßer Reiswein), 25 ml Sake (Für Umami-Tiefe), 1 TL Zucker (Optional, für Balance), 1 Prise Shichimi Togarashi (Japanisches Sieben-Gewürze-Pulver). Yakitori Negima ist der Beweis, dass Perfektion keine Komplexität braucht. Hähnchen und Lauch, Feuer und Sauce — mehr nicht. Und genau deshalb verzeiht dieses Gericht keine Fehler. § Die Maillard-Reaktion unter japanischen Bedingungen: Binchotan ist kein gewöhnlicher Grillkohle-Ersatz. Die aus Ubame-Eiche (Quercus phillyraeoides) hergestellte Weißkohle brennt bei 600–900 °C mit nahezu keiner Flamme, kaum Rauch und einer extrem gleichmäßigen Strahlungshitze. Das ist der entscheidende Punkt: Strahlungshitze statt konvektiver Hitze. Normale Holzkohle produziert volatile organische Verbindungen, die dem Fleisch einen rauchigen Charakter geben. Binchotan tut das nicht — oder kaum. Das bedeutet: Der Eigengeschmack des Hähnchens und die Tare-Sauce kommen unverfälscht durch. Die Maillard-Reaktion läuft bei diesen Temperaturen in Sekunden ab, nicht in Minuten. Wer zu langsam arbeitet, trocknet das Fleisch aus, bevor die Oberfläche karamellisiert. Der Negi-Lauch (japanischer Lauch, dicker und milder als europäischer Porree) verhält sich thermisch anders als das Hähnchenfleisch. Lauch hat einen hohen Wassergehalt — beim ersten Kontakt mit der Hitze verdampft dieses Wasser, kühlt die Oberfläche kurz ab und verhindert sofortiges Verbrennen. Gleichzeitig wandeln sich die Zucker im Lauch durch die Hitze um: Süße, leichte Bitterkeit, Röstaromen. Dieser Kontrast zum herzhaften Hähnchen ist kein Zufall, sondern das Herzstück von Negima. § Tare: Die Sauce, die kein Rezept hat: Tare ist keine Marinade. Tare ist eine lebende Sauce — in traditionellen Yakitori-Bars wird sie seit Jahrzehnten nie vollständig aufgebraucht, sondern immer wieder mit den Tropfen aus dem Grill aufgefüllt. Das nennt sich Kaeshi-Prinzip: Die Sauce akkumuliert Umami, Röstaromen und Fett über Zeit. Für die Heimküche bedeutet das: Tare muss reduziert werden, nicht nur angerührt. Die Basis ist Sojasauce, Mirin und Sake im Verhältnis 2:1:1, mit etwas Zucker. Diese Mischung wird aufgekocht, bis der Alkohol verdampft ist, dann auf etwa zwei Drittel reduziert. Das Ergebnis ist eine sirupartige, glänzende Sauce mit tiefer Süße und Salzigkeit.
